solid OpenSCAD_Model
  facet normal 0.07754955808487483 -0.9969884984496263 0
    outer loop
      vertex 13.242359563708305 1622.5829453989863 0
      vertex 13.087364606559277 1622.570889301598 3
      vertex 13.087364606559277 1622.570889301598 0
    endloop
  endfacet
  facet normal 0.07754955808487483 -0.9969884984496263 0
    outer loop
      vertex 13.242359563708305 1622.5829453989863 0
      vertex 13.242359563708305 1622.5829453989863 3
      vertex 13.087364606559277 1622.570889301598 3
    endloop
  endfacet
  facet normal 0.12909373174507977 -0.9916323958121424 0
    outer loop
      vertex 13.396707616746426 1622.6030388996005 0
      vertex 13.242359563708305 1622.5829453989863 3
      vertex 13.242359563708305 1622.5829453989863 0
    endloop
  endfacet
  facet normal 0.12909373174507977 -0.9916323958121424 0
    outer loop
      vertex 13.396707616746426 1622.6030388996005 0
      vertex 13.396707616746426 1622.6030388996005 3
      vertex 13.242359563708305 1622.5829453989863 3
    endloop
  endfacet
  facet normal 0.18039969026903263 -0.9835933874070306 0
    outer loop
      vertex 13.5500857681036 1622.6311698034406 0
      vertex 13.396707616746426 1622.6030388996005 3
      vertex 13.396707616746426 1622.6030388996005 0
    endloop
  endfacet
  facet normal 0.18039969026903263 -0.9835933874070306 0
    outer loop
      vertex 13.5500857681036 1622.6311698034406 0
      vertex 13.5500857681036 1622.6311698034406 3
      vertex 13.396707616746426 1622.6030388996005 3
    endloop
  endfacet
  facet normal 0.2313633696854298 -0.9728674067763825 0
    outer loop
      vertex 13.70217103511095 1622.667338103056 0
      vertex 13.5500857681036 1622.6311698034406 3
      vertex 13.5500857681036 1622.6311698034406 0
    endloop
  endfacet
  facet normal 0.2313633696854298 -0.9728674067763825 0
    outer loop
      vertex 13.70217103511095 1622.667338103056 0
      vertex 13.70217103511095 1622.667338103056 3
      vertex 13.5500857681036 1622.6311698034406 3
    endloop
  endfacet
  facet normal 0.2818728647833684 -0.9594517643419167 0
    outer loop
      vertex 13.85264040529728 1622.7115437984467 0
      vertex 13.70217103511095 1622.667338103056 3
      vertex 13.70217103511095 1622.667338103056 0
    endloop
  endfacet
  facet normal 0.2818728647833684 -0.9594517643419167 0
    outer loop
      vertex 13.85264040529728 1622.7115437984467 0
      vertex 13.85264040529728 1622.7115437984467 3
      vertex 13.70217103511095 1622.667338103056 3
    endloop
  endfacet
  facet normal 0.33180656051056734 -0.9433474473396041 0
    outer loop
      vertex 14.00117090344429 1622.7637868970633 0
      vertex 13.85264040529728 1622.7115437984467 3
      vertex 13.85264040529728 1622.7115437984467 0
    endloop
  endfacet
  facet normal 0.33180656051056734 -0.9433474473396041 0
    outer loop
      vertex 14.00117090344429 1622.7637868970633 0
      vertex 14.00117090344429 1622.7637868970633 3
      vertex 13.85264040529728 1622.7115437984467 3
    endloop
  endfacet
  facet normal 0.38103217490117935 -0.9245617781901202 0
    outer loop
      vertex 14.147439517080784 1622.8240673989058 0
      vertex 14.00117090344429 1622.7637868970633 3
      vertex 14.00117090344429 1622.7637868970633 0
    endloop
  endfacet
  facet normal 0.38103217490117935 -0.9245617781901202 0
    outer loop
      vertex 14.147439517080784 1622.8240673989058 0
      vertex 14.147439517080784 1622.8240673989058 3
      vertex 14.00117090344429 1622.7637868970633 3
    endloop
  endfacet
  facet normal 0.4294061144508242 -0.9031115041190902 0
    outer loop
      vertex 14.291123263537884 1622.8923852965236 0
      vertex 14.147439517080784 1622.8240673989058 3
      vertex 14.147439517080784 1622.8240673989058 0
    endloop
  endfacet
  facet normal 0.4294061144508242 -0.9031115041190902 0
    outer loop
      vertex 14.291123263537884 1622.8923852965236 0
      vertex 14.291123263537884 1622.8923852965236 3
      vertex 14.147439517080784 1622.8240673989058 3
    endloop
  endfacet
  facet normal 0.47677404220629466 -0.8790258885142521 0
    outer loop
      vertex 14.431899145245552 1622.9687405973673 0
      vertex 14.291123263537884 1622.8923852965236 3
      vertex 14.291123263537884 1622.8923852965236 0
    endloop
  endfacet
  facet normal 0.47677404220629466 -0.8790258885142521 0
    outer loop
      vertex 14.431899145245552 1622.9687405973673 0
      vertex 14.431899145245552 1622.9687405973673 3
      vertex 14.291123263537884 1622.8923852965236 3
    endloop
  endfacet
  facet normal 0.5228287734868786 -0.8524377241852956 0
    outer loop
      vertex 14.568441070616245 1623.052486360073 0
      vertex 14.431899145245552 1622.9687405973673 3
      vertex 14.431899145245552 1622.9687405973673 0
    endloop
  endfacet
  facet normal 0.5228287734868786 -0.8524377241852956 0
    outer loop
      vertex 14.568441070616245 1623.052486360073 0
      vertex 14.568441070616245 1623.052486360073 3
      vertex 14.431899145245552 1622.9687405973673 3
    endloop
  endfacet
  facet normal 0.5673754261626255 -0.8234592435492962 0
    outer loop
      vertex 14.69947561621666 1623.1427710726857 0
      vertex 14.568441070616245 1623.052486360073 3
      vertex 14.568441070616245 1623.052486360073 0
    endloop
  endfacet
  facet normal 0.5673754261626255 -0.8234592435492962 0
    outer loop
      vertex 14.69947561621666 1623.1427710726857 0
      vertex 14.69947561621666 1623.1427710726857 3
      vertex 14.568441070616245 1623.052486360073 3
    endloop
  endfacet
  facet normal 0.6101426305574122 -0.7922915942861449 0
    outer loop
      vertex 14.824841149151325 1623.239314891398 0
      vertex 14.69947561621666 1623.1427710726857 3
      vertex 14.69947561621666 1623.1427710726857 0
    endloop
  endfacet
  facet normal 0.6101426305574122 -0.7922915942861449 0
    outer loop
      vertex 14.824841149151325 1623.239314891398 0
      vertex 14.824841149151325 1623.239314891398 3
      vertex 14.69947561621666 1623.1427710726857 3
    endloop
  endfacet
  facet normal 0.6510277626439733 -0.7590539192091575 0
    outer loop
      vertex 14.944376043975353 1623.3418379575014 0
      vertex 14.824841149151325 1623.239314891398 3
      vertex 14.824841149151325 1623.239314891398 0
    endloop
  endfacet
  facet normal 0.6510277626439733 -0.7590539192091575 0
    outer loop
      vertex 14.944376043975353 1623.3418379575014 0
      vertex 14.944376043975353 1623.3418379575014 3
      vertex 14.824841149151325 1623.239314891398 3
    endloop
  endfacet
  facet normal 0.6899447460741746 -0.7238620361399284 0
    outer loop
      vertex 15.057918652892113 1623.4500604122877 0
      vertex 14.944376043975353 1623.3418379575014 3
      vertex 14.944376043975353 1623.3418379575014 0
    endloop
  endfacet
  facet normal 0.6899447460741746 -0.7238620361399284 0
    outer loop
      vertex 15.057918652892113 1623.4500604122877 0
      vertex 15.057918652892113 1623.4500604122877 3
      vertex 14.944376043975353 1623.3418379575014 3
    endloop
  endfacet
  facet normal 0.7268211114662712 -0.686826813634219 0
    outer loop
      vertex 15.165307350456715 1623.5637024119496 0
      vertex 15.057918652892113 1623.4500604122877 3
      vertex 15.057918652892113 1623.4500604122877 0
    endloop
  endfacet
  facet normal 0.7268211114662712 -0.686826813634219 0
    outer loop
      vertex 15.165307350456715 1623.5637024119496 0
      vertex 15.165307350456715 1623.5637024119496 3
      vertex 15.057918652892113 1623.4500604122877 3
    endloop
  endfacet
  facet normal 0.761595244264617 -0.6480529946798476 0
    outer loop
      vertex 15.266380496323109 1623.6824840977788 0
      vertex 15.165307350456715 1623.5637024119496 3
      vertex 15.165307350456715 1623.5637024119496 0
    endloop
  endfacet
  facet normal 0.761595244264617 -0.6480529946798476 0
    outer loop
      vertex 15.266380496323109 1623.6824840977788 0
      vertex 15.266380496323109 1623.6824840977788 3
      vertex 15.165307350456715 1623.5637024119496 3
    endloop
  endfacet
  facet normal 0.794213480240601 -0.6076388300661113 0
    outer loop
      vertex 15.360976465046406 1623.806125625968 0
      vertex 15.266380496323109 1623.6824840977788 3
      vertex 15.266380496323109 1623.6824840977788 0
    endloop
  endfacet
  facet normal 0.794213480240601 -0.6076388300661113 0
    outer loop
      vertex 15.360976465046406 1623.806125625968 0
      vertex 15.360976465046406 1623.806125625968 3
      vertex 15.266380496323109 1623.6824840977788 3
    endloop
  endfacet
  facet normal 0.8246273575158454 -0.5656763396470053 0
    outer loop
      vertex 15.448933608829975 1623.9343471229076 0
      vertex 15.360976465046406 1623.806125625968 3
      vertex 15.360976465046406 1623.806125625968 0
    endloop
  endfacet
  facet normal 0.8246273575158454 -0.5656763396470053 0
    outer loop
      vertex 15.448933608829975 1623.9343471229076 0
      vertex 15.448933608829975 1623.9343471229076 3
      vertex 15.360976465046406 1623.806125625968 3
    endloop
  endfacet
  facet normal 0.8527911265593733 -0.5222521368664708 0
    outer loop
      vertex 15.530090302228928 1624.0668687596917 0
      vertex 15.448933608829975 1623.9343471229076 3
      vertex 15.448933608829975 1623.9343471229076 0
    endloop
  endfacet
  facet normal 0.8527911265593733 -0.5222521368664708 0
    outer loop
      vertex 15.530090302228928 1624.0668687596917 0
      vertex 15.530090302228928 1624.0668687596917 3
      vertex 15.448933608829975 1623.9343471229076 3
    endloop
  endfacet
  facet normal 0.8786594594314672 -0.47744900706944815 0
    outer loop
      vertex 15.604284912347794 1624.2034106627107 0
      vertex 15.530090302228928 1624.0668687596917 3
      vertex 15.530090302228928 1624.0668687596917 0
    endloop
  endfacet
  facet normal 0.8786594594314672 -0.47744900706944815 0
    outer loop
      vertex 15.604284912347794 1624.2034106627107 0
      vertex 15.604284912347794 1624.2034106627107 3
      vertex 15.530090302228928 1624.0668687596917 3
    endloop
  endfacet
  facet normal 0.9021859418941021 -0.43134733828859056 0
    outer loop
      vertex 15.671355798840523 1624.3436929956079 0
      vertex 15.604284912347794 1624.2034106627107 3
      vertex 15.604284912347794 1624.2034106627107 0
    endloop
  endfacet
  facet normal 0.9021859418941021 -0.43134733828859056 0
    outer loop
      vertex 15.671355798840523 1624.3436929956079 0
      vertex 15.671355798840523 1624.3436929956079 3
      vertex 15.604284912347794 1624.2034106627107 3
    endloop
  endfacet
  facet normal 0.9233215338182706 -0.3840277922071216 0
    outer loop
      vertex 15.731141328811646 1624.4874358922243 0
      vertex 15.671355798840523 1624.3436929956079 3
      vertex 15.671355798840523 1624.3436929956079 0
    endloop
  endfacet
  facet normal 0.9233215338182706 -0.3840277922071216 0
    outer loop
      vertex 15.731141328811646 1624.4874358922243 0
      vertex 15.731141328811646 1624.4874358922243 3
      vertex 15.671355798840523 1624.3436929956079 3
    endloop
  endfacet
  facet normal 0.9420140768001041 -0.33557335876145994 0
    outer loop
      vertex 15.783479876816273 1624.6343595013022 0
      vertex 15.731141328811646 1624.4874358922243 3
      vertex 15.731141328811646 1624.4874358922243 0
    endloop
  endfacet
  facet normal 0.9420140768001041 -0.33557335876145994 0
    outer loop
      vertex 15.783479876816273 1624.6343595013022 0
      vertex 15.783479876816273 1624.6343595013022 3
      vertex 15.731141328811646 1624.4874358922243 3
    endloop
  endfacet
  facet normal 0.9582081689894395 -0.28607185265577223 0
    outer loop
      vertex 15.828209787607193 1624.7841839790344 0
      vertex 15.783479876816273 1624.6343595013022 3
      vertex 15.783479876816273 1624.6343595013022 0
    endloop
  endfacet
  facet normal 0.9582081689894395 -0.28607185265577223 0
    outer loop
      vertex 15.828209787607193 1624.7841839790344 0
      vertex 15.828209787607193 1624.7841839790344 3
      vertex 15.783479876816273 1624.6343595013022 3
    endloop
  endfacet
  facet normal 0.9718454593739799 -0.23561919084441693 0
    outer loop
      vertex 15.865169450640678 1624.936629459262 0
      vertex 15.828209787607193 1624.7841839790344 3
      vertex 15.828209787607193 1624.7841839790344 0
    endloop
  endfacet
  facet normal 0.9718454593739799 -0.23561919084441693 0
    outer loop
      vertex 15.865169450640678 1624.936629459262 0
      vertex 15.865169450640678 1624.936629459262 3
      vertex 15.828209787607193 1624.7841839790344 3
    endloop
  endfacet
  facet normal 0.9828661305720621 -0.18432083271920793 0
    outer loop
      vertex 15.894197210669518 1625.0914160981774 0
      vertex 15.865169450640678 1624.936629459262 3
      vertex 15.865169450640678 1624.936629459262 0
    endloop
  endfacet
  facet normal 0.9828661305720621 -0.18432083271920793 0
    outer loop
      vertex 15.894197210669518 1625.0914160981774 0
      vertex 15.894197210669518 1625.0914160981774 3
      vertex 15.865169450640678 1624.936629459262 3
    endloop
  endfacet
  facet normal 0.9912103568192596 -0.1322952324697903 0
    outer loop
      vertex 15.915131449699402 1625.2482640370727 0
      vertex 15.894197210669518 1625.0914160981774 3
      vertex 15.894197210669518 1625.0914160981774 0
    endloop
  endfacet
  facet normal 0.9912103568192596 -0.1322952324697903 0
    outer loop
      vertex 15.915131449699402 1625.2482640370727 0
      vertex 15.915131449699402 1625.2482640370727 3
      vertex 15.894197210669518 1625.0914160981774 3
    endloop
  endfacet
  facet normal 0.9968209113170852 -0.07967478121071844 0
    outer loop
      vertex 15.9278105199337 1625.4068934321404 0
      vertex 15.915131449699402 1625.2482640370727 3
      vertex 15.915131449699402 1625.2482640370727 0
    endloop
  endfacet
  facet normal 0.9968209113170852 -0.07967478121071844 0
    outer loop
      vertex 15.9278105199337 1625.4068934321404 0
      vertex 15.9278105199337 1625.4068934321404 3
      vertex 15.915131449699402 1625.2482640370727 3
    endloop
  endfacet
  facet normal 0.9996459429773898 -0.026608056840831226 0
    outer loop
      vertex 15.932072803378105 1625.5670244172215 0
      vertex 15.9278105199337 1625.4068934321404 3
      vertex 15.9278105199337 1625.4068934321404 0
    endloop
  endfacet
  facet normal 0.9996459429773898 -0.026608056840831226 0
    outer loop
      vertex 15.932072803378105 1625.5670244172215 0
      vertex 15.932072803378105 1625.5670244172215 3
      vertex 15.9278105199337 1625.4068934321404 3
    endloop
  endfacet
  facet normal 0 1 0
    outer loop
      vertex 12.931664489209652 1625.5670244172215 0
      vertex 15.932072803378105 1625.5670244172215 3
      vertex 15.932072803378105 1625.5670244172215 0
    endloop
  endfacet
  facet normal 0 1 0
    outer loop
      vertex 12.931664489209652 1625.5670244172215 0
      vertex 12.931664489209652 1625.5670244172215 3
      vertex 15.932072803378105 1625.5670244172215 3
    endloop
  endfacet
  facet normal 0.9999999995843544 -0.00002883212146971733 0
    outer loop
      vertex 12.932274483144283 1646.7237726300955 0
      vertex 12.931664489209652 1625.5670244172215 3
      vertex 12.931664489209652 1625.5670244172215 0
    endloop
  endfacet
  facet normal 0.9999999995843544 -0.00002883212146971733 0
    outer loop
      vertex 12.932274483144283 1646.7237726300955 0
      vertex 12.932274483144283 1646.7237726300955 3
      vertex 12.931664489209652 1625.5670244172215 3
    endloop
  endfacet
  facet normal 1 0 0
    outer loop
      vertex 12.932274483144283 1647.7245863974094 0
      vertex 12.932274483144283 1646.7237726300955 3
      vertex 12.932274483144283 1646.7237726300955 0
    endloop
  endfacet
  facet normal 1 0 0
    outer loop
      vertex 12.932274483144283 1647.7245863974094 0
      vertex 12.932274483144283 1647.7245863974094 3
      vertex 12.932274483144283 1646.7237726300955 3
    endloop
  endfacet
  facet normal 0.9992051619660329 0.039862818520947405 0
    outer loop
      vertex 12.92449926584959 1647.9194807261229 0
      vertex 12.932274483144283 1647.7245863974094 3
      vertex 12.932274483144283 1647.7245863974094 0
    endloop
  endfacet
  facet normal 0.9992051619660329 0.039862818520947405 0
    outer loop
      vertex 12.92449926584959 1647.9194807261229 0
      vertex 12.92449926584959 1647.9194807261229 3
      vertex 12.932274483144283 1647.7245863974094 3
    endloop
  endfacet
  facet normal 0.9931239930350572 0.11706722196286894 0
    outer loop
      vertex 12.90141074359417 1648.1153490915895 0
      vertex 12.92449926584959 1647.9194807261229 3
      vertex 12.92449926584959 1647.9194807261229 0
    endloop
  endfacet
  facet normal 0.9931239930350572 0.11706722196286894 0
    outer loop
      vertex 12.90141074359417 1648.1153490915895 0
      vertex 12.90141074359417 1648.1153490915895 3
      vertex 12.92449926584959 1647.9194807261229 3
    endloop
  endfacet
  facet normal 0.9813655571160177 0.1921500541409454 0
    outer loop
      vertex 12.863090135157108 1648.311063453555 0
      vertex 12.90141074359417 1648.1153490915895 3
      vertex 12.90141074359417 1648.1153490915895 0
    endloop
  endfacet
  facet normal 0.9813655571160177 0.1921500541409454 0
    outer loop
      vertex 12.863090135157108 1648.311063453555 0
      vertex 12.863090135157108 1648.311063453555 3
      vertex 12.90141074359417 1648.1153490915895 3
    endloop
  endfacet
  facet normal 0.9642020827466677 0.26516851929855506 0
    outer loop
      vertex 12.809618636965752 1648.5054957717657 0
      vertex 12.863090135157108 1648.311063453555 3
      vertex 12.863090135157108 1648.311063453555 0
    endloop
  endfacet
  facet normal 0.9642020827466677 0.26516851929855506 0
    outer loop
      vertex 12.809618636965752 1648.5054957717657 0
      vertex 12.809618636965752 1648.5054957717657 3
      vertex 12.863090135157108 1648.311063453555 3
    endloop
  endfacet
  facet normal 0.9418012214108009 0.33617028326299686 0
    outer loop
      vertex 12.741077460348606 1648.697517991066 0
      vertex 12.809618636965752 1648.5054957717657 3
      vertex 12.809618636965752 1648.5054957717657 0
    endloop
  endfacet
  facet normal 0.9418012214108009 0.33617028326299686 0
    outer loop
      vertex 12.741077460348606 1648.697517991066 0
      vertex 12.741077460348606 1648.697517991066 3
      vertex 12.809618636965752 1648.5054957717657 3
    endloop
  endfacet
  facet normal 0.9142449785465268 0.4051618432212747 0
    outer loop
      vertex 12.657547816634178 1648.8860020712018 0
      vertex 12.741077460348606 1648.697517991066 3
      vertex 12.741077460348606 1648.697517991066 0
    endloop
  endfacet
  facet normal 0.9142449785465268 0.4051618432212747 0
    outer loop
      vertex 12.657547816634178 1648.8860020712018 0
      vertex 12.657547816634178 1648.8860020712018 3
      vertex 12.741077460348606 1648.697517991066 3
    endloop
  endfacet
  facet normal 0.8815537502830691 0.47208366351935555 0
    outer loop
      vertex 12.559110909700394 1649.0698199644685 0
      vertex 12.657547816634178 1648.8860020712018 3
      vertex 12.657547816634178 1648.8860020712018 0
    endloop
  endfacet
  facet normal 0.8815537502830691 0.47208366351935555 0
    outer loop
      vertex 12.559110909700394 1649.0698199644685 0
      vertex 12.559110909700394 1649.0698199644685 3
      vertex 12.657547816634178 1648.8860020712018 3
    endloop
  endfacet
  facet normal 0.8437147819625792 0.5367917349380833 0
    outer loop
      vertex 12.44584795087576 1649.247843630612 0
      vertex 12.559110909700394 1649.0698199644685 3
      vertex 12.559110909700394 1649.0698199644685 0
    endloop
  endfacet
  facet normal 0.8437147819625792 0.5367917349380833 0
    outer loop
      vertex 12.44584795087576 1649.247843630612 0
      vertex 12.44584795087576 1649.247843630612 3
      vertex 12.559110909700394 1649.0698199644685 3
    endloop
  endfacet
  facet normal 0.8007142705906245 0.5990464563558692 0
    outer loop
      vertex 12.3178401440382 1649.4189450144768 0
      vertex 12.44584795087576 1649.247843630612 3
      vertex 12.44584795087576 1649.247843630612 0
    endloop
  endfacet
  facet normal 0.8007142705906245 0.5990464563558692 0
    outer loop
      vertex 12.3178401440382 1649.4189450144768 0
      vertex 12.3178401440382 1649.4189450144768 3
      vertex 12.44584795087576 1649.247843630612 3
    endloop
  endfacet
  facet normal 0.752572657832315 0.6585092214109118 0
    outer loop
      vertex 12.175168700516224 1649.581996075809 0
      vertex 12.3178401440382 1649.4189450144768 3
      vertex 12.3178401440382 1649.4189450144768 0
    endloop
  endfacet
  facet normal 0.752572657832315 0.6585092214109118 0
    outer loop
      vertex 12.175168700516224 1649.581996075809 0
      vertex 12.175168700516224 1649.581996075809 3
      vertex 12.3178401440382 1649.4189450144768 3
    endloop
  endfacet
  facet normal 0.6993809946961923 0.7147490638383269 0
    outer loop
      vertex 12.017914831638336 1649.7358687743545 0
      vertex 12.175168700516224 1649.581996075809 3
      vertex 12.175168700516224 1649.581996075809 0
    endloop
  endfacet
  facet normal 0.6993809946961923 0.7147490638383269 0
    outer loop
      vertex 12.017914831638336 1649.7358687743545 0
      vertex 12.017914831638336 1649.7358687743545 3
      vertex 12.175168700516224 1649.581996075809 3
    endloop
  endfacet
  facet normal 0.6413358735670959 0.7672602539399067 0
    outer loop
      vertex 11.846159741282463 1649.8794350549579 0
      vertex 12.017914831638336 1649.7358687743545 3
      vertex 12.017914831638336 1649.7358687743545 0
    endloop
  endfacet
  facet normal 0.6413358735670959 0.7672602539399067 0
    outer loop
      vertex 11.846159741282463 1649.8794350549579 0
      vertex 11.846159741282463 1649.8794350549579 3
      vertex 12.017914831638336 1649.7358687743545 3
    endloop
  endfacet
  facet normal 0.5787690060734397 0.8154915312918722 0
    outer loop
      vertex 11.65998463332653 1650.011566877365 0
      vertex 11.846159741282463 1649.8794350549579 3
      vertex 11.846159741282463 1649.8794350549579 0
    endloop
  endfacet
  facet normal 0.5787690060734397 0.8154915312918722 0
    outer loop
      vertex 11.65998463332653 1650.011566877365 0
      vertex 11.65998463332653 1650.011566877365 3
      vertex 11.846159741282463 1649.8794350549579 3
    endloop
  endfacet
  facet normal 0.5121662354358123 0.8588863413045453 0
    outer loop
      vertex 11.459470726549625 1650.1311361938715 0
      vertex 11.65998463332653 1650.011566877365 3
      vertex 11.65998463332653 1650.011566877365 0
    endloop
  endfacet
  facet normal 0.5121662354358123 0.8588863413045453 0
    outer loop
      vertex 11.459470726549625 1650.1311361938715 0
      vertex 11.459470726549625 1650.1311361938715 3
      vertex 11.65998463332653 1650.011566877365 3
    endloop
  endfacet
  facet normal 0.4421717269453848 0.8969304119552064 0
    outer loop
      vertex 11.244699217379093 1650.237014964223 0
      vertex 11.459470726549625 1650.1311361938715 3
      vertex 11.459470726549625 1650.1311361938715 0
    endloop
  endfacet
  facet normal 0.4421717269453848 0.8969304119552064 0
    outer loop
      vertex 11.244699217379093 1650.237014964223 0
      vertex 11.244699217379093 1650.237014964223 3
      vertex 11.459470726549625 1650.1311361938715 3
    endloop
  endfacet
  facet normal 0.369574162993166 0.9292012365725203 0
    outer loop
      vertex 11.01575131714344 1650.3280751407146 0
      vertex 11.244699217379093 1650.237014964223 3
      vertex 11.244699217379093 1650.237014964223 0
    endloop
  endfacet
  facet normal 0.369574162993166 0.9292012365725203 0
    outer loop
      vertex 11.01575131714344 1650.3280751407146 0
      vertex 11.01575131714344 1650.3280751407146 3
      vertex 11.244699217379093 1650.237014964223 3
    endloop
  endfacet
  facet normal 0.295274445554038 0.955412477311635 0
    outer loop
      vertex 10.772708244621754 1650.403188675642 0
      vertex 11.01575131714344 1650.3280751407146 3
      vertex 11.01575131714344 1650.3280751407146 0
    endloop
  endfacet
  facet normal 0.295274445554038 0.955412477311635 0
    outer loop
      vertex 10.772708244621754 1650.403188675642 0
      vertex 10.772708244621754 1650.403188675642 3
      vertex 11.01575131714344 1650.3280751407146 3
    endloop
  endfacet
  facet normal 0.2202381392945068 0.9754461348532237 0
    outer loop
      vertex 10.515651188790798 1650.4612275213003 0
      vertex 10.772708244621754 1650.403188675642 3
      vertex 10.772708244621754 1650.403188675642 0
    endloop
  endfacet
  facet normal 0.2202381392945068 0.9754461348532237 0
    outer loop
      vertex 10.515651188790798 1650.4612275213003 0
      vertex 10.515651188790798 1650.4612275213003 3
      vertex 10.772708244621754 1650.403188675642 3
    endloop
  endfacet
  facet normal 0.14543921709499688 0.9893671887276203 0
    outer loop
      vertex 10.244661375880241 1650.5010636374354 0
      vertex 10.515651188790798 1650.4612275213003 3
      vertex 10.515651188790798 1650.4612275213003 0
    endloop
  endfacet
  facet normal 0.14543921709499688 0.9893671887276203 0
    outer loop
      vertex 10.244661375880241 1650.5010636374354 0
      vertex 10.244661375880241 1650.5010636374354 3
      vertex 10.515651188790798 1650.4612275213003 3
    endloop
  endfacet
  facet normal 0.07180281162555063 0.9974188469457882 0
    outer loop
      vertex 9.959820002317429 1650.5215689763427 0
      vertex 10.244661375880241 1650.5010636374354 3
      vertex 10.244661375880241 1650.5010636374354 0
    endloop
  endfacet
  facet normal 0.07180281162555063 0.9974188469457882 0
    outer loop
      vertex 9.959820002317429 1650.5215689763427 0
      vertex 9.959820002317429 1650.5215689763427 3
      vertex 10.244661375880241 1650.5010636374354 3
    endloop
  endfacet
  facet normal -0.002577895325260161 0.9999966772223257 0
    outer loop
      vertex 9.93651945143938 1650.521508909762 0
      vertex 9.959820002317429 1650.5215689763427 3
      vertex 9.959820002317429 1650.5215689763427 0
    endloop
  endfacet
  facet normal -0.002577895325260161 0.9999966772223257 0
    outer loop
      vertex 9.93651945143938 1650.521508909762 0
      vertex 9.93651945143938 1650.521508909762 3
      vertex 9.959820002317429 1650.5215689763427 3
    endloop
  endfacet
  facet normal -0.002749346993998184 0.9999962205384111 0
    outer loop
      vertex 9.87263272702694 1650.5213332623243 0
      vertex 9.93651945143938 1650.521508909762 3
      vertex 9.93651945143938 1650.521508909762 0
    endloop
  endfacet
  facet normal -0.002749346993998184 0.9999962205384111 0
    outer loop
      vertex 9.87263272702694 1650.5213332623243 0
      vertex 9.87263272702694 1650.5213332623243 3
      vertex 9.93651945143938 1650.521508909762 3
    endloop
  endfacet
  facet normal -0.00271031590895268 0.9999963270870916 0
    outer loop
      vertex 9.77267774939537 1650.5210623517632 0
      vertex 9.87263272702694 1650.5213332623243 3
      vertex 9.87263272702694 1650.5213332623243 0
    endloop
  endfacet
  facet normal -0.00271031590895268 0.9999963270870916 0
    outer loop
      vertex 9.77267774939537 1650.5210623517632 0
      vertex 9.77267774939537 1650.5210623517632 3
      vertex 9.87263272702694 1650.5213332623243 3
    endloop
  endfacet
  facet normal -0.002629967825694136 0.9999965416286377 0
    outer loop
      vertex 9.641172431409359 1650.520716495812 0
      vertex 9.77267774939537 1650.5210623517632 3
      vertex 9.77267774939537 1650.5210623517632 0
    endloop
  endfacet
  facet normal -0.002629967825694136 0.9999965416286377 0
    outer loop
      vertex 9.641172431409359 1650.520716495812 0
      vertex 9.641172431409359 1650.520716495812 3
      vertex 9.77267774939537 1650.5210623517632 3
    endloop
  endfacet
  facet normal -0.0025261009489108816 0.999996809401908 0
    outer loop
      vertex 9.48263469338417 1650.5203160122037 0
      vertex 9.641172431409359 1650.520716495812 3
      vertex 9.641172431409359 1650.520716495812 0
    endloop
  endfacet
  facet normal -0.0025261009489108816 0.999996809401908 0
    outer loop
      vertex 9.48263469338417 1650.5203160122037 0
      vertex 9.48263469338417 1650.5203160122037 3
      vertex 9.641172431409359 1650.520716495812 3
    endloop
  endfacet
  facet normal -0.002401515155433882 0.9999971163583213 0
    outer loop
      vertex 9.30158244073391 1650.5198812112212 0
      vertex 9.48263469338417 1650.5203160122037 3
      vertex 9.48263469338417 1650.5203160122037 0
    endloop
  endfacet
  facet normal -0.002401515155433882 0.9999971163583213 0
    outer loop
      vertex 9.30158244073391 1650.5198812112212 0
      vertex 9.30158244073391 1650.5198812112212 3
      vertex 9.48263469338417 1650.5203160122037 3
    endloop
  endfacet
  facet normal -0.0022546829873480115 0.9999974581990829 0
    outer loop
      vertex 9.102533601224422 1650.5194324180484 0
      vertex 9.30158244073391 1650.5198812112212 3
      vertex 9.30158244073391 1650.5198812112212 0
    endloop
  endfacet
  facet normal -0.0022546829873480115 0.9999974581990829 0
    outer loop
      vertex 9.102533601224422 1650.5194324180484 0
      vertex 9.102533601224422 1650.5194324180484 3
      vertex 9.30158244073391 1650.5198812112212 3
    endloop
  endfacet
  facet normal -0.0020819265406793234 0.9999978327885912 0
    outer loop
      vertex 8.890006087720394 1650.5189899504185 0
      vertex 9.102533601224422 1650.5194324180484 3
      vertex 9.102533601224422 1650.5194324180484 0
    endloop
  endfacet
  facet normal -0.0020819265406793234 0.9999978327885912 0
    outer loop
      vertex 8.890006087720394 1650.5189899504185 0
      vertex 8.890006087720394 1650.5189899504185 3
      vertex 9.102533601224422 1650.5194324180484 3
    endloop
  endfacet
  facet normal -0.001877440564760254 0.99999823760691 0
    outer loop
      vertex 8.66851781308651 1650.5185741186142 0
      vertex 8.890006087720394 1650.5189899504185 3
      vertex 8.890006087720394 1650.5189899504185 0
    endloop
  endfacet
  facet normal -0.001877440564760254 0.99999823760691 0
    outer loop
      vertex 8.66851781308651 1650.5185741186142 0
      vertex 8.66851781308651 1650.5185741186142 3
      vertex 8.890006087720394 1650.5189899504185 3
    endloop
  endfacet
  facet normal -0.0016326671719099017 0.9999986671980646 0
    outer loop
      vertex 8.442586705088615 1650.5182052478194 0
      vertex 8.66851781308651 1650.5185741186142 3
      vertex 8.66851781308651 1650.5185741186142 0
    endloop
  endfacet
  facet normal -0.0016326671719099017 0.9999986671980646 0
    outer loop
      vertex 8.442586705088615 1650.5182052478194 0
      vertex 8.442586705088615 1650.5182052478194 3
      vertex 8.66851781308651 1650.5185741186142 3
    endloop
  endfacet
  facet normal -0.0013353604761734386 0.9999991084058019 0
    outer loop
      vertex 8.216730661690235 1650.5179036483169 0
      vertex 8.442586705088615 1650.5182052478194 3
      vertex 8.442586705088615 1650.5182052478194 0
    endloop
  endfacet
  facet normal -0.0013353604761734386 0.9999991084058019 0
    outer loop
      vertex 8.216730661690235 1650.5179036483169 0
      vertex 8.216730661690235 1650.5179036483169 3
      vertex 8.442586705088615 1650.5182052478194 3
    endloop
  endfacet
  facet normal -0.0009672214857455624 0.9999995322411893 0
    outer loop
      vertex 7.995467610657215 1650.5176896378398 0
      vertex 8.216730661690235 1650.5179036483169 3
      vertex 8.216730661690235 1650.5179036483169 0
    endloop
  endfacet
  facet normal -0.0009672214857455624 0.9999995322411893 0
    outer loop
      vertex 7.995467610657215 1650.5176896378398 0
      vertex 7.995467610657215 1650.5176896378398 3
      vertex 8.216730661690235 1650.5179036483169 3
    endloop
  endfacet
  facet normal -0.0005000951451966168 0.999999874952415 0
    outer loop
      vertex 7.783315472304821 1650.517583541572 0
      vertex 7.995467610657215 1650.5176896378398 3
      vertex 7.995467610657215 1650.5176896378398 0
    endloop
  endfacet
  facet normal -0.0005000951451966168 0.999999874952415 0
    outer loop
      vertex 7.783315472304821 1650.517583541572 0
      vertex 7.783315472304821 1650.517583541572 3
      vertex 7.995467610657215 1650.5176896378398 3
    endloop
  endfacet
  facet normal 0.00011146410510704865 0.9999999937878767 0
    outer loop
      vertex 7.584792152047157 1650.5176056697965 0
      vertex 7.783315472304821 1650.517583541572 3
      vertex 7.783315472304821 1650.517583541572 0
    endloop
  endfacet
  facet normal 0.00011146410510704865 0.9999999937878767 0
    outer loop
      vertex 7.584792152047157 1650.5176056697965 0
      vertex 7.584792152047157 1650.5176056697965 3
      vertex 7.783315472304821 1650.517583541572 3
    endloop
  endfacet
  facet normal 0.0009461892371876584 0.9999995523628635 0
    outer loop
      vertex 7.40441557765007 1650.5177763402462 0
      vertex 7.584792152047157 1650.5176056697965 3
      vertex 7.584792152047157 1650.5176056697965 0
    endloop
  endfacet
  facet normal 0.0009461892371876584 0.9999995523628635 0
    outer loop
      vertex 7.40441557765007 1650.5177763402462 0
      vertex 7.40441557765007 1650.5177763402462 3
      vertex 7.584792152047157 1650.5176056697965 3
    endloop
  endfacet
  facet normal 0.0021528941209317982 0.9999976825207667 0
    outer loop
      vertex 7.246703654527664 1650.5181158781052 0
      vertex 7.40441557765007 1650.5177763402462 3
      vertex 7.40441557765007 1650.5177763402462 0
    endloop
  endfacet
  facet normal 0.0021528941209317982 0.9999976825207667 0
    outer loop
      vertex 7.246703654527664 1650.5181158781052 0
      vertex 7.246703654527664 1650.5181158781052 3
      vertex 7.40441557765007 1650.5177763402462 3
    endloop
  endfacet
  facet normal 0.0040504588205191846 0.999991796858026 0
    outer loop
      vertex 7.116174302995205 1650.5186445862055 0
      vertex 7.246703654527664 1650.5181158781052 3
      vertex 7.246703654527664 1650.5181158781052 0
    endloop
  endfacet
  facet normal 0.0040504588205191846 0.999991796858026 0
    outer loop
      vertex 7.116174302995205 1650.5186445862055 0
      vertex 7.116174302995205 1650.5186445862055 3
      vertex 7.246703654527664 1650.5181158781052 3
    endloop
  endfacet
  facet normal 0.007469380762026248 0.9999721037864165 0
    outer loop
      vertex 7.017345443367958 1650.5193827971816 0
      vertex 7.116174302995205 1650.5186445862055 3
      vertex 7.116174302995205 1650.5186445862055 0
    endloop
  endfacet
  facet normal 0.007469380762026248 0.9999721037864165 0
    outer loop
      vertex 7.017345443367958 1650.5193827971816 0
      vertex 7.017345443367958 1650.5193827971816 3
      vertex 7.116174302995205 1650.5186445862055 3
    endloop
  endfacet
  facet normal 0.01545921455426361 0.9998804992024622 0
    outer loop
      vertex 6.954734988510609 1650.5203508213162 0
      vertex 7.017345443367958 1650.5193827971816 3
      vertex 7.017345443367958 1650.5193827971816 0
    endloop
  endfacet
  facet normal 0.01545921455426361 0.9998804992024622 0
    outer loop
      vertex 6.954734988510609 1650.5203508213162 0
      vertex 6.954734988510609 1650.5203508213162 3
      vertex 7.017345443367958 1650.5193827971816 3
    endloop
  endfacet
  facet normal 0.055603148114621075 0.9984529482753524 0
    outer loop
      vertex 6.932860858738422 1650.5215689763427 0
      vertex 6.954734988510609 1650.5203508213162 3
      vertex 6.954734988510609 1650.5203508213162 0
    endloop
  endfacet
  facet normal 0.055603148114621075 0.9984529482753524 0
    outer loop
      vertex 6.932860858738422 1650.5215689763427 0
      vertex 6.932860858738422 1650.5215689763427 3
      vertex 6.954734988510609 1650.5203508213162 3
    endloop
  endfacet
  facet normal 0.9999999952352296 0.00009761936650425712 0
    outer loop
      vertex 6.932372860610485 1655.5205578356981 0
      vertex 6.932860858738422 1650.5215689763427 3
      vertex 6.932860858738422 1650.5215689763427 0
    endloop
  endfacet
  facet normal 0.9999999952352296 0.00009761936650425712 0
    outer loop
      vertex 6.932372860610485 1655.5205578356981 0
      vertex 6.932372860610485 1655.5205578356981 3
      vertex 6.932860858738422 1650.5215689763427 3
    endloop
  endfacet
  facet normal 0.9999999998596293 0.000016755341233863094 0
    outer loop
      vertex 6.9322508573532104 1662.8020124807954 0
      vertex 6.932372860610485 1655.5205578356981 3
      vertex 6.932372860610485 1655.5205578356981 0
    endloop
  endfacet
  facet normal 0.9999999998596293 0.000016755341233863094 0
    outer loop
      vertex 6.9322508573532104 1662.8020124807954 0
      vertex 6.9322508573532104 1662.8020124807954 3
      vertex 6.932372860610485 1655.5205578356981 3
    endloop
  endfacet
  facet normal 0 -1 0
    outer loop
      vertex 9.96000300347805 1662.8020124807954 0
      vertex 6.9322508573532104 1662.8020124807954 3
      vertex 6.9322508573532104 1662.8020124807954 0
    endloop
  endfacet
  facet normal 0 -1 0
    outer loop
      vertex 9.96000300347805 1662.8020124807954 0
      vertex 9.96000300347805 1662.8020124807954 3
      vertex 6.9322508573532104 1662.8020124807954 3
    endloop
  endfacet
  facet normal 1 0 0
    outer loop
      vertex 9.96000300347805 1664.4804320260882 0
      vertex 9.96000300347805 1662.8020124807954 3
      vertex 9.96000300347805 1662.8020124807954 0
    endloop
  endfacet
  facet normal 1 0 0
    outer loop
      vertex 9.96000300347805 1664.4804320260882 0
      vertex 9.96000300347805 1664.4804320260882 3
      vertex 9.96000300347805 1662.8020124807954 3
    endloop
  endfacet
  facet normal 0.4010287819263785 0.9160654540297025 0
    outer loop
      vertex 6.932128861546516 1665.805953770876 0
      vertex 9.96000300347805 1664.4804320260882 3
      vertex 9.96000300347805 1664.4804320260882 0
    endloop
  endfacet
  facet normal 0.4010287819263785 0.9160654540297025 0
    outer loop
      vertex 6.932128861546516 1665.805953770876 0
      vertex 6.932128861546516 1665.805953770876 3
      vertex 9.96000300347805 1664.4804320260882 3
    endloop
  endfacet
  facet normal 0.9999999974460853 -0.00007146908129682142 0
    outer loop
      vertex 6.932311862707138 1668.3665178194642 0
      vertex 6.932128861546516 1665.805953770876 3
      vertex 6.932128861546516 1665.805953770876 0
    endloop
  endfacet
  facet normal 0.9999999974460853 -0.00007146908129682142 0
    outer loop
      vertex 6.932311862707138 1668.3665178194642 0
      vertex 6.932311862707138 1668.3665178194642 3
      vertex 6.932128861546516 1665.805953770876 3
    endloop
  endfacet
  facet normal 1 0 0
    outer loop
      vertex 6.932311862707138 1668.3685178086162 0
      vertex 6.932311862707138 1668.3665178194642 3
      vertex 6.932311862707138 1668.3665178194642 0
    endloop
  endfacet
  facet normal 1 0 0
    outer loop
      vertex 6.932311862707138 1668.3685178086162 0
      vertex 6.932311862707138 1668.3685178086162 3
      vertex 6.932311862707138 1668.3665178194642 3
    endloop
  endfacet
  facet normal 0.9990618689351526 0.043305681380162116 0
    outer loop
      vertex 6.927339442074299 1668.4832315295935 0
      vertex 6.932311862707138 1668.3685178086162 3
      vertex 6.932311862707138 1668.3685178086162 0
    endloop
  endfacet
  facet normal 0.9990618689351526 0.043305681380162116 0
    outer loop
      vertex 6.927339442074299 1668.4832315295935 0
      vertex 6.927339442074299 1668.4832315295935 3
      vertex 6.932311862707138 1668.3685178086162 3
    endloop
  endfacet
  facet normal 0.9915665353970329 0.12959863379189102 0
    outer loop
      vertex 6.912679471075535 1668.5953958034515 0
      vertex 6.927339442074299 1668.4832315295935 3
      vertex 6.927339442074299 1668.4832315295935 0
    endloop
  endfacet
  facet normal 0.9915665353970329 0.12959863379189102 0
    outer loop
      vertex 6.912679471075535 1668.5953958034515 0
      vertex 6.912679471075535 1668.5953958034515 3
      vertex 6.927339442074299 1668.4832315295935 3
    endloop
  endfacet
  facet normal 0.9767837796162139 0.21422756096885354 0
    outer loop
      vertex 6.888717889785767 1668.7046501114964 0
      vertex 6.912679471075535 1668.5953958034515 3
      vertex 6.912679471075535 1668.5953958034515 0
    endloop
  endfacet
  facet normal 0.9767837796162139 0.21422756096885354 0
    outer loop
      vertex 6.888717889785767 1668.7046501114964 0
      vertex 6.888717889785767 1668.7046501114964 3
      vertex 6.912679471075535 1668.5953958034515 3
    endloop
  endfacet
  facet normal 0.9551005584419383 0.2962818308028653 0
    outer loop
      vertex 6.855840638279915 1668.8106339350343 0
      vertex 6.888717889785767 1668.7046501114964 3
      vertex 6.888717889785767 1668.7046501114964 0
    endloop
  endfacet
  facet normal 0.9551005584419383 0.2962818308028653 0
    outer loop
      vertex 6.855840638279915 1668.8106339350343 0
      vertex 6.855840638279915 1668.8106339350343 3
      vertex 6.888717889785767 1668.7046501114964 3
    endloop
  endfacet
  facet normal 0.9270146495400502 0.375025118542929 0
    outer loop
      vertex 6.8144336566329 1668.912986755371 0
      vertex 6.855840638279915 1668.8106339350343 3
      vertex 6.855840638279915 1668.8106339350343 0
    endloop
  endfacet
  facet normal 0.9270146495400502 0.375025118542929 0
    outer loop
      vertex 6.8144336566329 1668.912986755371 0
      vertex 6.8144336566329 1668.912986755371 3
      vertex 6.855840638279915 1668.8106339350343 3
    endloop
  endfacet
  facet normal 0.8930789285845844 0.44990001924673306 0
    outer loop
      vertex 6.764882877469063 1669.0113480687141 0
      vertex 6.8144336566329 1668.912986755371 3
      vertex 6.8144336566329 1668.912986755371 0
    endloop
  endfacet
  facet normal 0.8930789285845844 0.44990001924673306 0
    outer loop
      vertex 6.764882877469063 1669.0113480687141 0
      vertex 6.764882877469063 1669.0113480687141 3
      vertex 6.8144336566329 1668.912986755371 3
    endloop
  endfacet
  facet normal 0.853853123922037 0.5205140178406132 0
    outer loop
      vertex 6.707574248313904 1669.1053573563695 0
      vertex 6.764882877469063 1669.0113480687141 3
      vertex 6.764882877469063 1669.0113480687141 0
    endloop
  endfacet
  facet normal 0.853853123922037 0.5205140178406132 0
    outer loop
      vertex 6.707574248313904 1669.1053573563695 0
      vertex 6.707574248313904 1669.1053573563695 3
      vertex 6.764882877469063 1669.0113480687141 3
    endloop
  endfacet
  facet normal 0.8098671715756722 0.5866133005686291 0
    outer loop
      vertex 6.642893694341183 1669.1946540996432 0
      vertex 6.707574248313904 1669.1053573563695 3
      vertex 6.707574248313904 1669.1053573563695 0
    endloop
  endfacet
  facet normal 0.8098671715756722 0.5866133005686291 0
    outer loop
      vertex 6.642893694341183 1669.1946540996432 0
      vertex 6.642893694341183 1669.1946540996432 3
      vertex 6.707574248313904 1669.1053573563695 3
    endloop
  endfacet
  facet normal 0.7615983126994361 0.6480493886220186 0
    outer loop
      vertex 6.571227163076401 1669.278877787292 0
      vertex 6.642893694341183 1669.1946540996432 3
      vertex 6.642893694341183 1669.1946540996432 0
    endloop
  endfacet
  facet normal 0.7615983126994361 0.6480493886220186 0
    outer loop
      vertex 6.571227163076401 1669.278877787292 0
      vertex 6.571227163076401 1669.278877787292 3
      vertex 6.642893694341183 1669.1946540996432 3
    endloop
  endfacet
  facet normal 0.7094599303360207 0.7047457749058227 0
    outer loop
      vertex 6.492960594594479 1669.3576678931713 0
      vertex 6.571227163076401 1669.278877787292 3
      vertex 6.571227163076401 1669.278877787292 0
    endloop
  endfacet
  facet normal 0.7094599303360207 0.7047457749058227 0
    outer loop
      vertex 6.492960594594479 1669.3576678931713 0
      vertex 6.492960594594479 1669.3576678931713 3
      vertex 6.571227163076401 1669.278877787292 3
    endloop
  endfacet
  facet normal 0.6538016942860492 0.7566659398629567 0
    outer loop
      vertex 6.408479928970337 1669.4306639134884 0
      vertex 6.492960594594479 1669.3576678931713 3
      vertex 6.492960594594479 1669.3576678931713 0
    endloop
  endfacet
  facet normal 0.6538016942860492 0.7566659398629567 0
    outer loop
      vertex 6.408479928970337 1669.4306639134884 0
      vertex 6.408479928970337 1669.4306639134884 3
      vertex 6.492960594594479 1669.3576678931713 3
    endloop
  endfacet
  facet normal 0.5949170556377974 0.8037870967558846 0
    outer loop
      vertex 6.318171091377735 1669.4975053295493 0
      vertex 6.408479928970337 1669.4306639134884 3
      vertex 6.408479928970337 1669.4306639134884 0
    endloop
  endfacet
  facet normal 0.5949170556377974 0.8037870967558846 0
    outer loop
      vertex 6.318171091377735 1669.4975053295493 0
      vertex 6.318171091377735 1669.4975053295493 3
      vertex 6.408479928970337 1669.4306639134884 3
    endloop
  endfacet
  facet normal 0.5330574944077175 0.8460790197468356 0
    outer loop
      vertex 6.222420036792755 1669.5578316301107 0
      vertex 6.318171091377735 1669.4975053295493 3
      vertex 6.318171091377735 1669.4975053295493 0
    endloop
  endfacet
  facet normal 0.5330574944077175 0.8460790197468356 0
    outer loop
      vertex 6.222420036792755 1669.5578316301107 0
      vertex 6.222420036792755 1669.5578316301107 3
      vertex 6.318171091377735 1669.4975053295493 3
    endloop
  endfacet
  facet normal 0.4684494450801768 0.8834903040803982 0
    outer loop
      vertex 6.121612690389156 1669.6112822964787 0
      vertex 6.222420036792755 1669.5578316301107 3
      vertex 6.222420036792755 1669.5578316301107 0
    endloop
  endfacet
  facet normal 0.4684494450801768 0.8834903040803982 0
    outer loop
      vertex 6.121612690389156 1669.6112822964787 0
      vertex 6.121612690389156 1669.6112822964787 3
      vertex 6.222420036792755 1669.5578316301107 3
    endloop
  endfacet
  facet normal 0.40131460030328425 0.9159402773016455 0
    outer loop
      vertex 6.016135007143021 1669.6574968099594 0
      vertex 6.121612690389156 1669.6112822964787 3
      vertex 6.121612690389156 1669.6112822964787 0
    endloop
  endfacet
  facet normal 0.40131460030328425 0.9159402773016455 0
    outer loop
      vertex 6.016135007143021 1669.6574968099594 0
      vertex 6.016135007143021 1669.6574968099594 3
      vertex 6.121612690389156 1669.6112822964787 3
    endloop
  endfacet
  facet normal 0.33188977234072586 0.9433181748570421 0
    outer loop
      vertex 5.906372904777527 1669.6961146593094 0
      vertex 6.016135007143021 1669.6574968099594 3
      vertex 6.016135007143021 1669.6574968099594 0
    endloop
  endfacet
  facet normal 0.33188977234072586 0.9433181748570421 0
    outer loop
      vertex 5.906372904777527 1669.6961146593094 0
      vertex 5.906372904777527 1669.6961146593094 3
      vertex 6.016135007143021 1669.6574968099594 3
    endloop
  endfacet
  facet normal 0.2604466433666371 0.9654882422686729 0
    outer loop
      vertex 5.792712338268757 1669.7267753258348 0
      vertex 5.906372904777527 1669.6961146593094 3
      vertex 5.906372904777527 1669.6961146593094 0
    endloop
  endfacet
  facet normal 0.2604466433666371 0.9654882422686729 0
    outer loop
      vertex 5.792712338268757 1669.7267753258348 0
      vertex 5.792712338268757 1669.7267753258348 3
      vertex 5.906372904777527 1669.6961146593094 3
    endloop
  endfacet
  facet normal 0.18730858268360848 0.98230112229044 0
    outer loop
      vertex 5.675539240241051 1669.7491182982922 0
      vertex 5.792712338268757 1669.7267753258348 3
      vertex 5.792712338268757 1669.7267753258348 0
    endloop
  endfacet
  facet normal 0.18730858268360848 0.98230112229044 0
    outer loop
      vertex 5.675539240241051 1669.7491182982922 0
      vertex 5.675539240241051 1669.7491182982922 3
      vertex 5.792712338268757 1669.7267753258348 3
    endloop
  endfacet
  facet normal 0.11286353892259122 0.9936104979225353 0
    outer loop
      vertex 5.555239550769329 1669.7627830579877 0
      vertex 5.675539240241051 1669.7491182982922 3
      vertex 5.675539240241051 1669.7491182982922 0
    endloop
  endfacet
  facet normal 0.11286353892259122 0.9936104979225353 0
    outer loop
      vertex 5.555239550769329 1669.7627830579877 0
      vertex 5.555239550769329 1669.7627830579877 3
      vertex 5.675539240241051 1669.7491182982922 3
    endloop
  endfacet
  facet normal 0.03757116720308601 0.9992939544473376 0
    outer loop
      vertex 5.432199202477932 1669.767409093678 0
      vertex 5.555239550769329 1669.7627830579877 3
      vertex 5.555239550769329 1669.7627830579877 0
    endloop
  endfacet
  facet normal 0.03757116720308601 0.9992939544473376 0
    outer loop
      vertex 5.432199202477932 1669.767409093678 0
      vertex 5.432199202477932 1669.767409093678 3
      vertex 5.555239550769329 1669.7627830579877 3
    endloop
  endfacet
  facet normal 0.8069180823793818 0.5906633629481189 0
    outer loop
      vertex 5.431833207607269 1669.7679090872407 0
      vertex 5.432199202477932 1669.767409093678 3
      vertex 5.432199202477932 1669.767409093678 0
    endloop
  endfacet
  facet normal 0.8069180823793818 0.5906633629481189 0
    outer loop
      vertex 5.431833207607269 1669.7679090872407 0
      vertex 5.431833207607269 1669.7679090872407 3
      vertex 5.432199202477932 1669.767409093678 3
    endloop
  endfacet
  facet normal -0.03785318841667746 0.9992833112419579 0
    outer loop
      vertex 5.308811604976654 1669.763248987496 0
      vertex 5.431833207607269 1669.7679090872407 3
      vertex 5.431833207607269 1669.7679090872407 0
    endloop
  endfacet
  facet normal -0.03785318841667746 0.9992833112419579 0
    outer loop
      vertex 5.308811604976654 1669.763248987496 0
      vertex 5.308811604976654 1669.763248987496 3
      vertex 5.431833207607269 1669.7679090872407 3
    endloop
  endfacet
  facet normal -0.11305981666389096 0.9935881832308229 0
    outer loop
      vertex 5.18853148072958 1669.749562382698 0
      vertex 5.308811604976654 1669.763248987496 3
      vertex 5.308811604976654 1669.763248987496 0
    endloop
  endfacet
  facet normal -0.11305981666389096 0.9935881832308229 0
    outer loop
      vertex 5.18853148072958 1669.749562382698 0
      vertex 5.18853148072958 1669.749562382698 3
      vertex 5.308811604976654 1669.763248987496 3
    endloop
  endfacet
  facet normal -0.18742572764114698 0.9822787774446654 0
    outer loop
      vertex 5.07137867808342 1669.7272088006139 0
      vertex 5.18853148072958 1669.749562382698 3
      vertex 5.18853148072958 1669.749562382698 0
    endloop
  endfacet
  facet normal -0.18742572764114698 0.9822787774446654 0
    outer loop
      vertex 5.07137867808342 1669.7272088006139 0
      vertex 5.07137867808342 1669.7272088006139 3
      vertex 5.18853148072958 1669.749562382698 3
    endloop
  endfacet
  facet normal -0.2604942027283617 0.965475411569303 0
    outer loop
      vertex 4.957739047706127 1669.6965477764606 0
      vertex 5.07137867808342 1669.7272088006139 3
      vertex 5.07137867808342 1669.7272088006139 0
    endloop
  endfacet
  facet normal -0.2604942027283617 0.965475411569303 0
    outer loop
      vertex 4.957739047706127 1669.6965477764606 0
      vertex 4.957739047706127 1669.6965477764606 3
      vertex 5.07137867808342 1669.7272088006139 3
    endloop
  endfacet
  facet normal -0.33187943912840046 0.9433218103509631 0
    outer loop
      vertex 4.847998432815075 1669.657938838005 0
      vertex 4.957739047706127 1669.6965477764606 3
      vertex 4.957739047706127 1669.6965477764606 0
    endloop
  endfacet
  facet normal -0.33187943912840046 0.9433218103509631 0
    outer loop
      vertex 4.847998432815075 1669.657938838005 0
      vertex 4.847998432815075 1669.657938838005 3
      vertex 4.957739047706127 1669.6965477764606 3
    endloop
  endfacet
  facet normal -0.40125934898793447 0.9159644833997544 0
    outer loop
      vertex 4.742542691528797 1669.6117415204644 0
      vertex 4.847998432815075 1669.657938838005 3
      vertex 4.847998432815075 1669.657938838005 0
    endloop
  endfacet
  facet normal -0.40125934898793447 0.9159644833997544 0
    outer loop
      vertex 4.742542691528797 1669.6117415204644 0
      vertex 4.742542691528797 1669.6117415204644 3
      vertex 4.847998432815075 1669.657938838005 3
    endloop
  endfacet
  facet normal -0.4683627227635889 0.8835362810464988 0
    outer loop
      vertex 4.641757659614086 1669.558315359056 0
      vertex 4.742542691528797 1669.6117415204644 3
      vertex 4.742542691528797 1669.6117415204644 0
    endloop
  endfacet
  facet normal -0.4683627227635889 0.8835362810464988 0
    outer loop
      vertex 4.641757659614086 1669.558315359056 0
      vertex 4.641757659614086 1669.558315359056 3
      vertex 4.742542691528797 1669.6117415204644 3
    endloop
  endfacet
  facet normal -0.5329524385753456 0.8461451992516371 0
    outer loop
      vertex 4.546029187738895 1669.498019888997 0
      vertex 4.641757659614086 1669.558315359056 3
      vertex 4.641757659614086 1669.558315359056 0
    endloop
  endfacet
  facet normal -0.5329524385753456 0.8461451992516371 0
    outer loop
      vertex 4.546029187738895 1669.498019888997 0
      vertex 4.546029187738895 1669.498019888997 3
      vertex 4.641757659614086 1669.558315359056 3
    endloop
  endfacet
  facet normal -0.5948059554179607 0.8038693148760729 0
    outer loop
      vertex 4.455743119120598 1669.4312146380544 0
      vertex 4.546029187738895 1669.498019888997 3
      vertex 4.546029187738895 1669.498019888997 0
    endloop
  endfacet
  facet normal -0.5948059554179607 0.8038693148760729 0
    outer loop
      vertex 4.455743119120598 1669.4312146380544 0
      vertex 4.455743119120598 1669.4312146380544 3
      vertex 4.546029187738895 1669.498019888997 3
    endloop
  endfacet
  facet normal -0.6536951213801832 0.7567580117076711 0
    outer loop
      vertex 4.3712853118777275 1669.3582591414452 0
      vertex 4.455743119120598 1669.4312146380544 3
      vertex 4.455743119120598 1669.4312146380544 0
    endloop
  endfacet
  facet normal -0.6536951213801832 0.7567580117076711 0
    outer loop
      vertex 4.3712853118777275 1669.3582591414452 0
      vertex 4.3712853118777275 1669.3582591414452 3
      vertex 4.455743119120598 1669.4312146380544 3
    endloop
  endfacet
  facet normal -0.7093665044538834 0.7048398132617641 0
    outer loop
      vertex 4.293041601777077 1669.2795129269361 0
      vertex 4.3712853118777275 1669.3582591414452 3
      vertex 4.3712853118777275 1669.3582591414452 0
    endloop
  endfacet
  facet normal -0.7093665044538834 0.7048398132617641 0
    outer loop
      vertex 4.293041601777077 1669.2795129269361 0
      vertex 4.293041601777077 1669.2795129269361 3
      vertex 4.3712853118777275 1669.3582591414452 3
    endloop
  endfacet
  facet normal -0.7615240713922389 0.6481366281041276 0
    outer loop
      vertex 4.221397839486599 1669.1953355371952 0
      vertex 4.293041601777077 1669.2795129269361 3
      vertex 4.293041601777077 1669.2795129269361 0
    endloop
  endfacet
  facet normal -0.7615240713922389 0.6481366281041276 0
    outer loop
      vertex 4.221397839486599 1669.1953355371952 0
      vertex 4.221397839486599 1669.1953355371952 3
      vertex 4.293041601777077 1669.2795129269361 3
    endloop
  endfacet
  facet normal -0.8098156145360207 0.5866844726542941 0
    outer loop
      vertex 4.156739875674248 1669.1060864925385 0
      vertex 4.221397839486599 1669.1953355371952 3
      vertex 4.221397839486599 1669.1953355371952 0
    endloop
  endfacet
  facet normal -0.8098156145360207 0.5866844726542941 0
    outer loop
      vertex 4.156739875674248 1669.1060864925385 0
      vertex 4.156739875674248 1669.1060864925385 3
      vertex 4.221397839486599 1669.1953355371952 3
    endloop
  endfacet
  facet normal -0.8538247157808936 0.5205606157996169 0
    outer loop
      vertex 4.099453553557396 1669.0121253356338 0
      vertex 4.156739875674248 1669.1060864925385 3
      vertex 4.156739875674248 1669.1060864925385 0
    endloop
  endfacet
  facet normal -0.8538247157808936 0.5205606157996169 0
    outer loop
      vertex 4.099453553557396 1669.0121253356338 0
      vertex 4.099453553557396 1669.0121253356338 3
      vertex 4.156739875674248 1669.1060864925385 3
    endloop
  endfacet
  facet normal -0.8930715446719769 0.4499146764634482 0
    outer loop
      vertex 4.049924716353416 1668.9138115942478 0
      vertex 4.099453553557396 1669.0121253356338 3
      vertex 4.099453553557396 1669.0121253356338 0
    endloop
  endfacet
  facet normal -0.8930715446719769 0.4499146764634482 0
    outer loop
      vertex 4.049924716353416 1668.9138115942478 0
      vertex 4.049924716353416 1668.9138115942478 3
      vertex 4.099453553557396 1669.0121253356338 3
    endloop
  endfacet
  facet normal -0.9270236779532489 0.37500280067491654 0
    outer loop
      vertex 4.008539222180843 1668.811504803598 0
      vertex 4.049924716353416 1668.9138115942478 3
      vertex 4.049924716353416 1668.9138115942478 0
    endloop
  endfacet
  facet normal -0.9270236779532489 0.37500280067491654 0
    outer loop
      vertex 4.008539222180843 1668.811504803598 0
      vertex 4.008539222180843 1668.811504803598 3
      vertex 4.049924716353416 1668.9138115942478 3
    endloop
  endfacet
  facet normal -0.9551195468561374 0.2962206124045504 0
    outer loop
      vertex 3.9756829142570496 1668.7055644989014 0
      vertex 4.008539222180843 1668.811504803598 3
      vertex 4.008539222180843 1668.811504803598 0
    endloop
  endfacet
  facet normal -0.9551195468561374 0.2962206124045504 0
    outer loop
      vertex 3.9756829142570496 1668.7055644989014 0
      vertex 3.9756829142570496 1668.7055644989014 3
      vertex 4.008539222180843 1668.811504803598 3
    endloop
  endfacet
  facet normal -0.9768053328468881 0.21412926404833152 0
    outer loop
      vertex 3.9517416283488274 1668.5963502079248 0
      vertex 3.9756829142570496 1668.7055644989014 3
      vertex 3.9756829142570496 1668.7055644989014 0
    endloop
  endfacet
  facet normal -0.9768053328468881 0.21412926404833152 0
    outer loop
      vertex 3.9517416283488274 1668.5963502079248 0
      vertex 3.9517416283488274 1668.5963502079248 3
      vertex 3.9756829142570496 1668.7055644989014 3
    endloop
  endfacet
  facet normal -0.9915834834759227 0.12946889702841594 0
    outer loop
      vertex 3.937101222574711 1668.4842214658856 0
      vertex 3.9517416283488274 1668.5963502079248 3
      vertex 3.9517416283488274 1668.5963502079248 0
    endloop
  endfacet
  facet normal -0.9915834834759227 0.12946889702841594 0
    outer loop
      vertex 3.937101222574711 1668.4842214658856 0
      vertex 3.937101222574711 1668.4842214658856 3
      vertex 3.9517416283488274 1668.5963502079248 3
    endloop
  endfacet
  facet normal -0.9990684317085978 0.04315401213471134 0
    outer loop
      vertex 3.9321475476026535 1668.3695378005505 0
      vertex 3.937101222574711 1668.4842214658856 3
      vertex 3.937101222574711 1668.4842214658856 0
    endloop
  endfacet
  facet normal -0.9990684317085978 0.04315401213471134 0
    outer loop
      vertex 3.9321475476026535 1668.3695378005505 0
      vertex 3.9321475476026535 1668.3695378005505 3
      vertex 3.937101222574711 1668.4842214658856 3
    endloop
  endfacet
  facet normal -1 0 0
    outer loop
      vertex 3.9321475476026535 1649.723703943193 0
      vertex 3.9321475476026535 1668.3695378005505 3
      vertex 3.9321475476026535 1668.3695378005505 0
    endloop
  endfacet
  facet normal -1 0 0
    outer loop
      vertex 3.9321475476026535 1649.723703943193 0
      vertex 3.9321475476026535 1649.723703943193 3
      vertex 3.9321475476026535 1668.3695378005505 3
    endloop
  endfacet
  facet normal -0.9990579978843049 -0.04339489443936969 0
    outer loop
      vertex 3.942110650241375 1649.4943286329508 0
      vertex 3.9321475476026535 1649.723703943193 3
      vertex 3.9321475476026535 1649.723703943193 0
    endloop
  endfacet
  facet normal -0.9990579978843049 -0.04339489443936969 0
    outer loop
      vertex 3.942110650241375 1649.4943286329508 0
      vertex 3.942110650241375 1649.4943286329508 3
      vertex 3.9321475476026535 1649.723703943193 3
    endloop
  endfacet
  facet normal -0.9915514364385625 -0.12971410446294285 0
    outer loop
      vertex 3.9714486226439476 1649.2700653672218 0
      vertex 3.942110650241375 1649.4943286329508 3
      vertex 3.942110650241375 1649.4943286329508 0
    endloop
  endfacet
  facet normal -0.9915514364385625 -0.12971410446294285 0
    outer loop
      vertex 3.9714486226439476 1649.2700653672218 0
      vertex 3.9714486226439476 1649.2700653672218 3
      vertex 3.942110650241375 1649.4943286329508 3
    endloop
  endfacet
  facet normal -0.9767515854165804 -0.21437429973342634 0
    outer loop
      vertex 4.019389353692532 1649.0516334697604 0
      vertex 3.9714486226439476 1649.2700653672218 3
      vertex 3.9714486226439476 1649.2700653672218 0
    endloop
  endfacet
  facet normal -0.9767515854165804 -0.21437429973342634 0
    outer loop
      vertex 4.019389353692532 1649.0516334697604 0
      vertex 4.019389353692532 1649.0516334697604 3
      vertex 3.9714486226439476 1649.2700653672218 3
    endloop
  endfacet
  facet normal -0.955044800393115 -0.29646151393068737 0
    outer loop
      vertex 4.085160747170448 1648.8397522494197 0
      vertex 4.019389353692532 1649.0516334697604 3
      vertex 4.019389353692532 1649.0516334697604 0
    endloop
  endfacet
  facet normal -0.955044800393115 -0.29646151393068737 0
    outer loop
      vertex 4.085160747170448 1648.8397522494197 0
      vertex 4.085160747170448 1648.8397522494197 3
      vertex 4.019389353692532 1649.0516334697604 3
    endloop
  endfacet
  facet normal -0.9269293026839559 -0.3752360161629413 0
    outer loop
      vertex 4.167990684509277 1648.6351410374045 0
      vertex 4.085160747170448 1648.8397522494197 3
      vertex 4.085160747170448 1648.8397522494197 0
    endloop
  endfacet
  facet normal -0.9269293026839559 -0.3752360161629413 0
    outer loop
      vertex 4.167990684509277 1648.6351410374045 0
      vertex 4.167990684509277 1648.6351410374045 3
      vertex 4.085160747170448 1648.8397522494197 3
    endloop
  endfacet
  facet normal -0.8929592241067114 -0.45013756128847987 0
    outer loop
      vertex 4.267107076942921 1648.4385191500187 0
      vertex 4.167990684509277 1648.6351410374045 3
      vertex 4.167990684509277 1648.6351410374045 0
    endloop
  endfacet
  facet normal -0.8929592241067114 -0.45013756128847987 0
    outer loop
      vertex 4.267107076942921 1648.4385191500187 0
      vertex 4.267107076942921 1648.4385191500187 3
      vertex 4.167990684509277 1648.6351410374045 3
    endloop
  endfacet
  facet normal -0.8536962556557514 -0.5207712579236204 0
    outer loop
      vertex 4.381737798452377 1648.2506059035659 0
      vertex 4.267107076942921 1648.4385191500187 3
      vertex 4.267107076942921 1648.4385191500187 0
    endloop
  endfacet
  facet normal -0.8536962556557514 -0.5207712579236204 0
    outer loop
      vertex 4.381737798452377 1648.2506059035659 0
      vertex 4.381737798452377 1648.2506059035659 3
      vertex 4.267107076942921 1648.4385191500187 3
    endloop
  endfacet
  facet normal -0.8096726580719282 -0.5868817485411679 0
    outer loop
      vertex 4.511110760271549 1648.072120629251 0
      vertex 4.381737798452377 1648.2506059035659 3
      vertex 4.381737798452377 1648.2506059035659 0
    endloop
  endfacet
  facet normal -0.8096726580719282 -0.5868817485411679 0
    outer loop
      vertex 4.511110760271549 1648.072120629251 0
      vertex 4.511110760271549 1648.072120629251 3
      vertex 4.381737798452377 1648.2506059035659 3
    endloop
  endfacet
  facet normal -0.7613681148543928 -0.648319823607969 0
    outer loop
      vertex 4.654453843832016 1647.9037826433778 0
      vertex 4.511110760271549 1648.072120629251 3
      vertex 4.511110760271549 1648.072120629251 0
    endloop
  endfacet
  facet normal -0.7613681148543928 -0.648319823607969 0
    outer loop
      vertex 4.654453843832016 1647.9037826433778 0
      vertex 4.654453843832016 1647.9037826433778 3
      vertex 4.511110760271549 1648.072120629251 3
    endloop
  endfacet
  facet normal -0.7091985122451945 -0.7050088440787127 0
    outer loop
      vertex 4.810994945466518 1647.74631126225 0
      vertex 4.654453843832016 1647.9037826433778 3
      vertex 4.654453843832016 1647.9037826433778 0
    endloop
  endfacet
  facet normal -0.7091985122451945 -0.7050088440787127 0
    outer loop
      vertex 4.810994945466518 1647.74631126225 0
      vertex 4.810994945466518 1647.74631126225 3
      vertex 4.654453843832016 1647.9037826433778 3
    endloop
  endfacet
  facet normal -0.6535156566539656 -0.7569129979780609 0
    outer loop
      vertex 4.979961968958378 1647.6004258096218 0
      vertex 4.810994945466518 1647.74631126225 3
      vertex 4.810994945466518 1647.74631126225 0
    endloop
  endfacet
  facet normal -0.6535156566539656 -0.7569129979780609 0
    outer loop
      vertex 4.979961968958378 1647.6004258096218 0
      vertex 4.979961968958378 1647.6004258096218 3
      vertex 4.810994945466518 1647.74631126225 3
    endloop
  endfacet
  facet normal -0.5946151665698061 -0.8040104499850496 0
    outer loop
      vertex 5.160582795739174 1647.466845601797 0
      vertex 4.979961968958378 1647.6004258096218 3
      vertex 4.979961968958378 1647.6004258096218 0
    endloop
  endfacet
  facet normal -0.5946151665698061 -0.8040104499850496 0
    outer loop
      vertex 5.160582795739174 1647.466845601797 0
      vertex 5.160582795739174 1647.466845601797 3
      vertex 4.979961968958378 1647.6004258096218 3
    endloop
  endfacet
  facet normal -0.5327498811061492 -0.846272748102752 0
    outer loop
      vertex 5.352085329592228 1647.3462899625301 0
      vertex 5.160582795739174 1647.466845601797 3
      vertex 5.160582795739174 1647.466845601797 0
    endloop
  endfacet
  facet normal -0.5327498811061492 -0.846272748102752 0
    outer loop
      vertex 5.352085329592228 1647.3462899625301 0
      vertex 5.352085329592228 1647.3462899625301 3
      vertex 5.160582795739174 1647.466845601797 3
    endloop
  endfacet
  facet normal -0.4681475703917874 -0.8836502997997944 0
    outer loop
      vertex 5.553697466850281 1647.2394782155752 0
      vertex 5.352085329592228 1647.3462899625301 3
      vertex 5.352085329592228 1647.3462899625301 0
    endloop
  endfacet
  facet normal -0.4681475703917874 -0.8836502997997944 0
    outer loop
      vertex 5.553697466850281 1647.2394782155752 0
      vertex 5.553697466850281 1647.2394782155752 3
      vertex 5.352085329592228 1647.3462899625301 3
    endloop
  endfacet
  facet normal -0.401030515201255 -0.9160646952466927 0
    outer loop
      vertex 5.764647088944912 1647.147129677236 0
      vertex 5.553697466850281 1647.2394782155752 3
      vertex 5.553697466850281 1647.2394782155752 0
    endloop
  endfacet
  facet normal -0.401030515201255 -0.9160646952466927 0
    outer loop
      vertex 5.764647088944912 1647.147129677236 0
      vertex 5.764647088944912 1647.147129677236 3
      vertex 5.553697466850281 1647.2394782155752 3
    endloop
  endfacet
  facet normal -0.3316356153086519 -0.9434075570286958 0
    outer loop
      vertex 5.984162092208862 1647.069963671267 0
      vertex 5.764647088944912 1647.147129677236 3
      vertex 5.764647088944912 1647.147129677236 0
    endloop
  endfacet
  facet normal -0.3316356153086519 -0.9434075570286958 0
    outer loop
      vertex 5.984162092208862 1647.069963671267 0
      vertex 5.984162092208862 1647.069963671267 3
      vertex 5.764647088944912 1647.147129677236 3
    endloop
  endfacet
  facet normal -0.26023396372548563 -0.9655455888375869 0
    outer loop
      vertex 6.211470380425453 1647.0086995139718 0
      vertex 5.984162092208862 1647.069963671267 3
      vertex 5.984162092208862 1647.069963671267 0
    endloop
  endfacet
  facet normal -0.26023396372548563 -0.9655455888375869 0
    outer loop
      vertex 6.211470380425453 1647.0086995139718 0
      vertex 6.211470380425453 1647.0086995139718 3
      vertex 5.984162092208862 1647.069963671267 3
    endloop
  endfacet
  facet normal -0.1871476830599632 -0.9823317895320745 0
    outer loop
      vertex 6.445799842476845 1646.9640565365553 0
      vertex 6.211470380425453 1647.0086995139718 3
      vertex 6.211470380425453 1647.0086995139718 0
    endloop
  endfacet
  facet normal -0.1871476830599632 -0.9823317895320745 0
    outer loop
      vertex 6.445799842476845 1646.9640565365553 0
      vertex 6.445799842476845 1646.9640565365553 3
      vertex 6.211470380425453 1647.0086995139718 3
    endloop
  endfacet
  facet normal -0.11276300922892606 -0.9936219118707263 0
    outer loop
      vertex 6.686378367245197 1646.93675404042 0
      vertex 6.445799842476845 1646.9640565365553 3
      vertex 6.445799842476845 1646.9640565365553 0
    endloop
  endfacet
  facet normal -0.11276300922892606 -0.9936219118707263 0
    outer loop
      vertex 6.686378367245197 1646.93675404042 0
      vertex 6.686378367245197 1646.93675404042 3
      vertex 6.445799842476845 1646.9640565365553 3
    endloop
  endfacet
  facet normal -0.03753690803721268 -0.9992952419255312 0
    outer loop
      vertex 6.932433858513832 1646.9275113642216 0
      vertex 6.686378367245197 1646.93675404042 3
      vertex 6.686378367245197 1646.93675404042 0
    endloop
  endfacet
  facet normal -0.03753690803721268 -0.9992952419255312 0
    outer loop
      vertex 6.932433858513832 1646.9275113642216 0
      vertex 6.932433858513832 1646.9275113642216 3
      vertex 6.686378367245197 1646.93675404042 3
    endloop
  endfacet
  facet normal 0 -1 0
    outer loop
      vertex 9.932415172457695 1646.9275113642216 0
      vertex 6.932433858513832 1646.9275113642216 3
      vertex 6.932433858513832 1646.9275113642216 0
    endloop
  endfacet
  facet normal 0 -1 0
    outer loop
      vertex 9.932415172457695 1646.9275113642216 0
      vertex 9.932415172457695 1646.9275113642216 3
      vertex 6.932433858513832 1646.9275113642216 3
    endloop
  endfacet
  facet normal -0.9999999997390339 0.00002284583347845929 0
    outer loop
      vertex 9.931927174329758 1625.5670244172215 0
      vertex 9.932415172457695 1646.9275113642216 3
      vertex 9.932415172457695 1646.9275113642216 0
    endloop
  endfacet
  facet normal -0.9999999997390339 0.00002284583347845929 0
    outer loop
      vertex 9.931927174329758 1625.5670244172215 0
      vertex 9.931927174329758 1625.5670244172215 3
      vertex 9.932415172457695 1646.9275113642216 3
    endloop
  endfacet
  facet normal -0.9996459253451487 -0.026608719263455257 0
    outer loop
      vertex 9.936189450323582 1625.406897701323 0
      vertex 9.931927174329758 1625.5670244172215 3
      vertex 9.931927174329758 1625.5670244172215 0
    endloop
  endfacet
  facet normal -0.9996459253451487 -0.026608719263455257 0
    outer loop
      vertex 9.936189450323582 1625.406897701323 0
      vertex 9.936189450323582 1625.406897701323 3
      vertex 9.931927174329758 1625.5670244172215 3
    endloop
  endfacet
  facet normal -0.9968207545291099 -0.07967674277991113 0
    outer loop
      vertex 9.948868528008461 1625.2482721433043 0
      vertex 9.936189450323582 1625.406897701323 3
      vertex 9.936189450323582 1625.406897701323 0
    endloop
  endfacet
  facet normal -0.9968207545291099 -0.07967674277991113 0
    outer loop
      vertex 9.948868528008461 1625.2482721433043 0
      vertex 9.948868528008461 1625.2482721433043 3
      vertex 9.936189450323582 1625.406897701323 3
    endloop
  endfacet
  facet normal -0.991209990501168 -0.13229797704679566 0
    outer loop
      vertex 9.969802759587765 1625.0914275720716 0
      vertex 9.948868528008461 1625.2482721433043 3
      vertex 9.948868528008461 1625.2482721433043 0
    endloop
  endfacet
  facet normal -0.991209990501168 -0.13229797704679566 0
    outer loop
      vertex 9.969802759587765 1625.0914275720716 0
      vertex 9.969802759587765 1625.0914275720716 3
      vertex 9.948868528008461 1625.2482721433043 3
    endloop
  endfacet
  facet normal -0.9828654903105221 -0.1843242467953065 0
    outer loop
      vertex 9.998830527067184 1624.9366438612342 0
      vertex 9.969802759587765 1625.0914275720716 3
      vertex 9.969802759587765 1625.0914275720716 0
    endloop
  endfacet
  facet normal -0.9828654903105221 -0.1843242467953065 0
    outer loop
      vertex 9.998830527067184 1624.9366438612342 0
      vertex 9.998830527067184 1624.9366438612342 3
      vertex 9.969802759587765 1625.0914275720716 3
    endloop
  endfacet
  facet normal -0.9718445947787883 -0.23562275696386534 0
    outer loop
      vertex 10.03579018265009 1624.7842008545995 0
      vertex 9.998830527067184 1624.9366438612342 3
      vertex 9.998830527067184 1624.9366438612342 0
    endloop
  endfacet
  facet normal -0.9718445947787883 -0.23562275696386534 0
    outer loop
      vertex 10.03579018265009 1624.7842008545995 0
      vertex 10.03579018265009 1624.7842008545995 3
      vertex 9.998830527067184 1624.9366438612342 3
    endloop
  endfacet
  facet normal -0.9582070952227216 -0.28607544925217576 0
    outer loop
      vertex 10.08052010089159 1624.6343784034252 0
      vertex 10.03579018265009 1624.7842008545995 3
      vertex 10.03579018265009 1624.7842008545995 0
    endloop
  endfacet
  facet normal -0.9582070952227216 -0.28607544925217576 0
    outer loop
      vertex 10.08052010089159 1624.6343784034252 0
      vertex 10.08052010089159 1624.6343784034252 3
      vertex 10.03579018265009 1624.7842008545995 3
    endloop
  endfacet
  facet normal -0.94201295683939 -0.33557650267369665 0
    outer loop
      vertex 10.132858641445637 1624.4874563664198 0
      vertex 10.08052010089159 1624.6343784034252 3
      vertex 10.08052010089159 1624.6343784034252 0
    endloop
  endfacet
  facet normal -0.94201295683939 -0.33557650267369665 0
    outer loop
      vertex 10.132858641445637 1624.4874563664198 0
      vertex 10.132858641445637 1624.4874563664198 3
      vertex 10.08052010089159 1624.6343784034252 3
    endloop
  endfacet
  facet normal -0.923320468048754 -0.38403035463649193 0
    outer loop
      vertex 10.19264417141676 1624.343714594841 0
      vertex 10.132858641445637 1624.4874563664198 3
      vertex 10.132858641445637 1624.4874563664198 0
    endloop
  endfacet
  facet normal -0.923320468048754 -0.38403035463649193 0
    outer loop
      vertex 10.19264417141676 1624.343714594841 0
      vertex 10.19264417141676 1624.343714594841 3
      vertex 10.132858641445637 1624.4874563664198 3
    endloop
  endfacet
  facet normal -0.9021851119472384 -0.4313490741623876 0
    outer loop
      vertex 10.25971506536007 1624.2034329399467 0
      vertex 10.19264417141676 1624.343714594841 3
      vertex 10.19264417141676 1624.343714594841 0
    endloop
  endfacet
  facet normal -0.9021851119472384 -0.4313490741623876 0
    outer loop
      vertex 10.25971506536007 1624.2034329399467 0
      vertex 10.25971506536007 1624.2034329399467 3
      vertex 10.19264417141676 1624.343714594841 3
    endloop
  endfacet
  facet normal -0.8786591516607767 -0.4774495734658943 0
    outer loop
      vertex 10.333909668028355 1624.0668912604451 0
      vertex 10.25971506536007 1624.2034329399467 3
      vertex 10.25971506536007 1624.2034329399467 0
    endloop
  endfacet
  facet normal -0.8786591516607767 -0.4774495734658943 0
    outer loop
      vertex 10.333909668028355 1624.0668912604451 0
      vertex 10.333909668028355 1624.0668912604451 3
      vertex 10.25971506536007 1624.2034329399467 3
    endloop
  endfacet
  facet normal -0.8527914975136903 -0.5222515311306971 0
    outer loop
      vertex 10.415066368877888 1623.9343694001436 0
      vertex 10.333909668028355 1624.0668912604451 3
      vertex 10.333909668028355 1624.0668912604451 0
    endloop
  endfacet
  facet normal -0.8527914975136903 -0.5222515311306971 0
    outer loop
      vertex 10.415066368877888 1623.9343694001436 0
      vertex 10.415066368877888 1623.9343694001436 3
      vertex 10.333909668028355 1624.0668912604451 3
    endloop
  endfacet
  facet normal -0.8246287527981646 -0.565674305637567 0
    outer loop
      vertex 10.503023512661457 1623.8061472252011 0
      vertex 10.415066368877888 1623.9343694001436 3
      vertex 10.415066368877888 1623.9343694001436 0
    endloop
  endfacet
  facet normal -0.8246287527981646 -0.565674305637567 0
    outer loop
      vertex 10.503023512661457 1623.8061472252011 0
      vertex 10.503023512661457 1623.8061472252011 3
      vertex 10.415066368877888 1623.9343694001436 3
    endloop
  endfacet
  facet normal -0.7942161484951163 -0.6076353425119241 0
    outer loop
      vertex 10.597619481384754 1623.6825045719743 0
      vertex 10.503023512661457 1623.8061472252011 3
      vertex 10.503023512661457 1623.8061472252011 0
    endloop
  endfacet
  facet normal -0.7942161484951163 -0.6076353425119241 0
    outer loop
      vertex 10.597619481384754 1623.6825045719743 0
      vertex 10.597619481384754 1623.6825045719743 3
      vertex 10.503023512661457 1623.8061472252011 3
    endloop
  endfacet
  facet normal -0.7615994774116545 -0.6480480198305483 0
    outer loop
      vertex 10.698692627251148 1623.5637213140726 0
      vertex 10.597619481384754 1623.6825045719743 3
      vertex 10.597619481384754 1623.6825045719743 0
    endloop
  endfacet
  facet normal -0.7615994774116545 -0.6480480198305483 0
    outer loop
      vertex 10.698692627251148 1623.5637213140726 0
      vertex 10.698692627251148 1623.5637213140726 3
      vertex 10.597619481384754 1623.6825045719743 3
    endloop
  endfacet
  facet normal -0.7268272256154926 -0.6868203433970821 0
    outer loop
      vertex 10.80608132481575 1623.4500772878528 0
      vertex 10.698692627251148 1623.5637213140726 3
      vertex 10.698692627251148 1623.5637213140726 0
    endloop
  endfacet
  facet normal -0.7268272256154926 -0.6868203433970821 0
    outer loop
      vertex 10.80608132481575 1623.4500772878528 0
      vertex 10.80608132481575 1623.4500772878528 3
      vertex 10.698692627251148 1623.5637213140726 3
    endloop
  endfacet
  facet normal -0.6899530338075839 -0.7238541366461277 0
    outer loop
      vertex 10.91962393373251 1623.3418523520231 0
      vertex 10.80608132481575 1623.4500772878528 3
      vertex 10.80608132481575 1623.4500772878528 0
    endloop
  endfacet
  facet normal -0.6899530338075839 -0.7238541366461277 0
    outer loop
      vertex 10.91962393373251 1623.3418523520231 0
      vertex 10.91962393373251 1623.3418523520231 3
      vertex 10.80608132481575 1623.4500772878528 3
    endloop
  endfacet
  facet normal -0.6510384480614787 -0.7590447543759862 0
    outer loop
      vertex 11.039158828556538 1623.239326365292 0
      vertex 10.91962393373251 1623.3418523520231 3
      vertex 10.91962393373251 1623.3418523520231 0
    endloop
  endfacet
  facet normal -0.6510384480614787 -0.7590447543759862 0
    outer loop
      vertex 11.039158828556538 1623.239326365292 0
      vertex 11.039158828556538 1623.239326365292 3
      vertex 10.91962393373251 1623.3418523520231 3
    endloop
  endfacet
  facet normal -0.610156019825421 -0.7922812830496506 0
    outer loop
      vertex 11.164524361491203 1623.1427791714668 0
      vertex 11.039158828556538 1623.239326365292 3
      vertex 11.039158828556538 1623.239326365292 0
    endloop
  endfacet
  facet normal -0.610156019825421 -0.7922812830496506 0
    outer loop
      vertex 11.164524361491203 1623.1427791714668 0
      vertex 11.164524361491203 1623.1427791714668 3
      vertex 11.039158828556538 1623.239326365292 3
    endloop
  endfacet
  facet normal -0.5673917130886658 -0.8234480213822298 0
    outer loop
      vertex 11.295558907091618 1623.0524906367064 0
      vertex 11.164524361491203 1623.1427791714668 3
      vertex 11.164524361491203 1623.1427791714668 0
    endloop
  endfacet
  facet normal -0.5673917130886658 -0.8234480213822298 0
    outer loop
      vertex 11.295558907091618 1623.0524906367064 0
      vertex 11.295558907091618 1623.0524906367064 3
      vertex 11.164524361491203 1623.1427791714668 3
    endloop
  endfacet
  facet normal -0.5228481740741325 -0.8524258248477374 0
    outer loop
      vertex 11.43210083246231 1622.9687405973673 0
      vertex 11.295558907091618 1623.0524906367064 3
      vertex 11.295558907091618 1623.0524906367064 0
    endloop
  endfacet
  facet normal -0.5228481740741325 -0.8524258248477374 0
    outer loop
      vertex 11.43210083246231 1622.9687405973673 0
      vertex 11.43210083246231 1622.9687405973673 3
      vertex 11.295558907091618 1623.0524906367064 3
    endloop
  endfacet
  facet normal -0.4767285583588082 -0.8790505569335204 0
    outer loop
      vertex 11.572894096374512 1622.8923852965236 0
      vertex 11.43210083246231 1622.9687405973673 3
      vertex 11.43210083246231 1622.9687405973673 0
    endloop
  endfacet
  facet normal -0.4767285583588082 -0.8790505569335204 0
    outer loop
      vertex 11.572894096374512 1622.8923852965236 0
      vertex 11.572894096374512 1622.8923852965236 3
      vertex 11.43210083246231 1622.9687405973673 3
    endloop
  endfacet
  facet normal -0.42936819780377256 -0.9031295315262038 0
    outer loop
      vertex 11.716593399643898 1622.8240673989058 0
      vertex 11.572894096374512 1622.8923852965236 3
      vertex 11.572894096374512 1622.8923852965236 0
    endloop
  endfacet
  facet normal -0.42936819780377256 -0.9031295315262038 0
    outer loop
      vertex 11.716593399643898 1622.8240673989058 0
      vertex 11.716593399643898 1622.8240673989058 3
      vertex 11.572894096374512 1622.8923852965236 3
    endloop
  endfacet
  facet normal -0.3810016165269548 -0.9245743713752006 0
    outer loop
      vertex 11.862875737249851 1622.7637868970633 0
      vertex 11.716593399643898 1622.8240673989058 3
      vertex 11.716593399643898 1622.8240673989058 0
    endloop
  endfacet
  facet normal -0.3810016165269548 -0.9245743713752006 0
    outer loop
      vertex 11.862875737249851 1622.7637868970633 0
      vertex 11.862875737249851 1622.7637868970633 3
      vertex 11.716593399643898 1622.8240673989058 3
    endloop
  endfacet
  facet normal -0.33178292273166643 -0.9433557611970327 0
    outer loop
      vertex 12.011418126523495 1622.7115437984467 0
      vertex 11.862875737249851 1622.7637868970633 3
      vertex 11.862875737249851 1622.7637868970633 0
    endloop
  endfacet
  facet normal -0.33178292273166643 -0.9433557611970327 0
    outer loop
      vertex 12.011418126523495 1622.7115437984467 0
      vertex 12.011418126523495 1622.7115437984467 3
      vertex 11.862875737249851 1622.7637868970633 3
    endloop
  endfacet
  facet normal -0.2818555079164055 -0.9594568633644688 0
    outer loop
      vertex 12.16189756244421 1622.667338103056 0
      vertex 12.011418126523495 1622.7115437984467 3
      vertex 12.011418126523495 1622.7115437984467 0
    endloop
  endfacet
  facet normal -0.2818555079164055 -0.9594568633644688 0
    outer loop
      vertex 12.16189756244421 1622.667338103056 0
      vertex 12.16189756244421 1622.667338103056 3
      vertex 12.011418126523495 1622.7115437984467 3
    endloop
  endfacet
  facet normal -0.2313515162145419 -0.9728702256443212 0
    outer loop
      vertex 12.31399106234312 1622.6311698034406 0
      vertex 12.16189756244421 1622.667338103056 3
      vertex 12.16189756244421 1622.667338103056 0
    endloop
  endfacet
  facet normal -0.2313515162145419 -0.9728702256443212 0
    outer loop
      vertex 12.31399106234312 1622.6311698034406 0
      vertex 12.31399106234312 1622.6311698034406 3
      vertex 12.16189756244421 1622.667338103056 3
    endloop
  endfacet
  facet normal -0.18039239947548413 -0.9835947245748512 0
    outer loop
      vertex 12.467375621199608 1622.6030388996005 0
      vertex 12.31399106234312 1622.6311698034406 3
      vertex 12.31399106234312 1622.6311698034406 0
    endloop
  endfacet
  facet normal -0.18039239947548413 -0.9835947245748512 0
    outer loop
      vertex 12.467375621199608 1622.6030388996005 0
      vertex 12.467375621199608 1622.6030388996005 3
      vertex 12.31399106234312 1622.6311698034406 3
    endloop
  endfacet
  facet normal -0.12908996946302873 -0.9916328855902441 0
    outer loop
      vertex 12.621728248894215 1622.5829453989863 0
      vertex 12.467375621199608 1622.6030388996005 3
      vertex 12.467375621199608 1622.6030388996005 0
    endloop
  endfacet
  facet normal -0.12908996946302873 -0.9916328855902441 0
    outer loop
      vertex 12.621728248894215 1622.5829453989863 0
      vertex 12.621728248894215 1622.5829453989863 3
      vertex 12.467375621199608 1622.6030388996005 3
    endloop
  endfacet
  facet normal -0.07754819082551621 -0.9969886047993174 0
    outer loop
      vertex 12.776725955307484 1622.570889301598 0
      vertex 12.621728248894215 1622.5829453989863 3
      vertex 12.621728248894215 1622.5829453989863 0
    endloop
  endfacet
  facet normal -0.07754819082551621 -0.9969886047993174 0
    outer loop
      vertex 12.776725955307484 1622.570889301598 0
      vertex 12.776725955307484 1622.570889301598 3
      vertex 12.621728248894215 1622.5829453989863 3
    endloop
  endfacet
  facet normal -0.025865070924462333 -0.9996654430888728 0
    outer loop
      vertex 12.932045735418797 1622.5668705999851 0
      vertex 12.776725955307484 1622.570889301598 3
      vertex 12.776725955307484 1622.570889301598 0
    endloop
  endfacet
  facet normal -0.025865070924462333 -0.9996654430888728 0
    outer loop
      vertex 12.932045735418797 1622.5668705999851 0
      vertex 12.932045735418797 1622.5668705999851 3
      vertex 12.776725955307484 1622.570889301598 3
    endloop
  endfacet
  facet normal 0.025865222193050087 -0.9996654391749793 0
    outer loop
      vertex 13.087364606559277 1622.570889301598 0
      vertex 12.932045735418797 1622.5668705999851 3
      vertex 12.932045735418797 1622.5668705999851 0
    endloop
  endfacet
  facet normal 0.025865222193050087 -0.9996654391749793 0
    outer loop
      vertex 13.087364606559277 1622.570889301598 0
      vertex 13.087364606559277 1622.570889301598 3
      vertex 12.932045735418797 1622.5668705999851 3
    endloop
  endfacet
  facet normal 0 0 1
    outer loop
      vertex 15.9278105199337 1625.4068934321404 3
      vertex 15.932072803378105 1625.5670244172215 3
      vertex 12.931664489209652 1625.5670244172215 3
    endloop
  endfacet
  facet normal 0 0 1
    outer loop
      vertex 15.915131449699402 1625.2482640370727 3
      vertex 15.9278105199337 1625.4068934321404 3
      vertex 12.931664489209652 1625.5670244172215 3
    endloop
  endfacet
  facet normal 0 0 1
    outer loop
      vertex 15.894197210669518 1625.0914160981774 3
      vertex 15.915131449699402 1625.2482640370727 3
      vertex 12.931664489209652 1625.5670244172215 3
    endloop
  endfacet
  facet normal 0 0 1
    outer loop
      vertex 15.865169450640678 1624.936629459262 3
      vertex 15.894197210669518 1625.0914160981774 3
      vertex 12.931664489209652 1625.5670244172215 3
    endloop
  endfacet
  facet normal 0 0 1
    outer loop
      vertex 15.828209787607193 1624.7841839790344 3
      vertex 15.865169450640678 1624.936629459262 3
      vertex 12.931664489209652 1625.5670244172215 3
    endloop
  endfacet
  facet normal 0 0 1
    outer loop
      vertex 15.783479876816273 1624.6343595013022 3
      vertex 15.828209787607193 1624.7841839790344 3
      vertex 12.931664489209652 1625.5670244172215 3
    endloop
  endfacet
  facet normal 0 0 1
    outer loop
      vertex 15.731141328811646 1624.4874358922243 3
      vertex 15.783479876816273 1624.6343595013022 3
      vertex 12.931664489209652 1625.5670244172215 3
    endloop
  endfacet
  facet normal 0 0 1
    outer loop
      vertex 15.671355798840523 1624.3436929956079 3
      vertex 15.731141328811646 1624.4874358922243 3
      vertex 12.931664489209652 1625.5670244172215 3
    endloop
  endfacet
  facet normal 0 0 1
    outer loop
      vertex 15.604284912347794 1624.2034106627107 3
      vertex 15.671355798840523 1624.3436929956079 3
      vertex 12.931664489209652 1625.5670244172215 3
    endloop
  endfacet
  facet normal 0 0 1
    outer loop
      vertex 15.530090302228928 1624.0668687596917 3
      vertex 15.604284912347794 1624.2034106627107 3
      vertex 12.931664489209652 1625.5670244172215 3
    endloop
  endfacet
  facet normal 0 0 1
    outer loop
      vertex 15.448933608829975 1623.9343471229076 3
      vertex 15.530090302228928 1624.0668687596917 3
      vertex 12.931664489209652 1625.5670244172215 3
    endloop
  endfacet
  facet normal 0 0 1
    outer loop
      vertex 15.360976465046406 1623.806125625968 3
      vertex 15.448933608829975 1623.9343471229076 3
      vertex 12.931664489209652 1625.5670244172215 3
    endloop
  endfacet
  facet normal 0 0 1
    outer loop
      vertex 15.266380496323109 1623.6824840977788 3
      vertex 15.360976465046406 1623.806125625968 3
      vertex 12.931664489209652 1625.5670244172215 3
    endloop
  endfacet
  facet normal 0 0 1
    outer loop
      vertex 15.165307350456715 1623.5637024119496 3
      vertex 15.266380496323109 1623.6824840977788 3
      vertex 12.931664489209652 1625.5670244172215 3
    endloop
  endfacet
  facet normal 0 0 1
    outer loop
      vertex 15.057918652892113 1623.4500604122877 3
      vertex 15.165307350456715 1623.5637024119496 3
      vertex 12.931664489209652 1625.5670244172215 3
    endloop
  endfacet
  facet normal 0 0 1
    outer loop
      vertex 14.944376043975353 1623.3418379575014 3
      vertex 15.057918652892113 1623.4500604122877 3
      vertex 12.931664489209652 1625.5670244172215 3
    endloop
  endfacet
  facet normal 0 0 1
    outer loop
      vertex 14.824841149151325 1623.239314891398 3
      vertex 14.944376043975353 1623.3418379575014 3
      vertex 12.931664489209652 1625.5670244172215 3
    endloop
  endfacet
  facet normal 0 0 1
    outer loop
      vertex 14.69947561621666 1623.1427710726857 3
      vertex 14.824841149151325 1623.239314891398 3
      vertex 12.931664489209652 1625.5670244172215 3
    endloop
  endfacet
  facet normal 0 0 1
    outer loop
      vertex 14.568441070616245 1623.052486360073 3
      vertex 14.69947561621666 1623.1427710726857 3
      vertex 12.931664489209652 1625.5670244172215 3
    endloop
  endfacet
  facet normal 0 0 1
    outer loop
      vertex 14.431899145245552 1622.9687405973673 3
      vertex 14.568441070616245 1623.052486360073 3
      vertex 12.931664489209652 1625.5670244172215 3
    endloop
  endfacet
  facet normal 0 0 1
    outer loop
      vertex 14.291123263537884 1622.8923852965236 3
      vertex 14.431899145245552 1622.9687405973673 3
      vertex 12.931664489209652 1625.5670244172215 3
    endloop
  endfacet
  facet normal 0 0 1
    outer loop
      vertex 14.147439517080784 1622.8240673989058 3
      vertex 14.291123263537884 1622.8923852965236 3
      vertex 12.931664489209652 1625.5670244172215 3
    endloop
  endfacet
  facet normal 0 0 1
    outer loop
      vertex 14.00117090344429 1622.7637868970633 3
      vertex 14.147439517080784 1622.8240673989058 3
      vertex 12.931664489209652 1625.5670244172215 3
    endloop
  endfacet
  facet normal 0 0 1
    outer loop
      vertex 13.85264040529728 1622.7115437984467 3
      vertex 14.00117090344429 1622.7637868970633 3
      vertex 12.931664489209652 1625.5670244172215 3
    endloop
  endfacet
  facet normal 0 0 1
    outer loop
      vertex 13.70217103511095 1622.667338103056 3
      vertex 13.85264040529728 1622.7115437984467 3
      vertex 12.931664489209652 1625.5670244172215 3
    endloop
  endfacet
  facet normal 0 0 1
    outer loop
      vertex 13.5500857681036 1622.6311698034406 3
      vertex 13.70217103511095 1622.667338103056 3
      vertex 12.931664489209652 1625.5670244172215 3
    endloop
  endfacet
  facet normal 0 0 1
    outer loop
      vertex 13.396707616746426 1622.6030388996005 3
      vertex 13.5500857681036 1622.6311698034406 3
      vertex 12.931664489209652 1625.5670244172215 3
    endloop
  endfacet
  facet normal 0 0 1
    outer loop
      vertex 13.242359563708305 1622.5829453989863 3
      vertex 13.396707616746426 1622.6030388996005 3
      vertex 12.931664489209652 1625.5670244172215 3
    endloop
  endfacet
  facet normal 0 0 1
    outer loop
      vertex 13.087364606559277 1622.570889301598 3
      vertex 13.242359563708305 1622.5829453989863 3
      vertex 12.931664489209652 1625.5670244172215 3
    endloop
  endfacet
  facet normal 0 0 1
    outer loop
      vertex 12.932045735418797 1622.5668705999851 3
      vertex 13.087364606559277 1622.570889301598 3
      vertex 12.931664489209652 1625.5670244172215 3
    endloop
  endfacet
  facet normal 0 0 1
    outer loop
      vertex 12.776725955307484 1622.570889301598 3
      vertex 12.932045735418797 1622.5668705999851 3
      vertex 12.931664489209652 1625.5670244172215 3
    endloop
  endfacet
  facet normal 0 0 1
    outer loop
      vertex 12.621728248894215 1622.5829453989863 3
      vertex 12.776725955307484 1622.570889301598 3
      vertex 12.931664489209652 1625.5670244172215 3
    endloop
  endfacet
  facet normal 0 0 1
    outer loop
      vertex 12.467375621199608 1622.6030388996005 3
      vertex 12.621728248894215 1622.5829453989863 3
      vertex 12.931664489209652 1625.5670244172215 3
    endloop
  endfacet
  facet normal 0 0 1
    outer loop
      vertex 12.31399106234312 1622.6311698034406 3
      vertex 12.467375621199608 1622.6030388996005 3
      vertex 12.931664489209652 1625.5670244172215 3
    endloop
  endfacet
  facet normal 0 0 1
    outer loop
      vertex 12.16189756244421 1622.667338103056 3
      vertex 12.31399106234312 1622.6311698034406 3
      vertex 12.931664489209652 1625.5670244172215 3
    endloop
  endfacet
  facet normal 0 0 1
    outer loop
      vertex 12.011418126523495 1622.7115437984467 3
      vertex 12.16189756244421 1622.667338103056 3
      vertex 12.931664489209652 1625.5670244172215 3
    endloop
  endfacet
  facet normal 0 0 1
    outer loop
      vertex 11.862875737249851 1622.7637868970633 3
      vertex 12.011418126523495 1622.7115437984467 3
      vertex 12.931664489209652 1625.5670244172215 3
    endloop
  endfacet
  facet normal 0 0 1
    outer loop
      vertex 11.716593399643898 1622.8240673989058 3
      vertex 11.862875737249851 1622.7637868970633 3
      vertex 12.931664489209652 1625.5670244172215 3
    endloop
  endfacet
  facet normal 0 0 1
    outer loop
      vertex 11.572894096374512 1622.8923852965236 3
      vertex 11.716593399643898 1622.8240673989058 3
      vertex 12.931664489209652 1625.5670244172215 3
    endloop
  endfacet
  facet normal 0 0 1
    outer loop
      vertex 11.43210083246231 1622.9687405973673 3
      vertex 11.572894096374512 1622.8923852965236 3
      vertex 12.931664489209652 1625.5670244172215 3
    endloop
  endfacet
  facet normal 0 0 1
    outer loop
      vertex 11.295558907091618 1623.0524906367064 3
      vertex 11.43210083246231 1622.9687405973673 3
      vertex 12.931664489209652 1625.5670244172215 3
    endloop
  endfacet
  facet normal 0 0 1
    outer loop
      vertex 11.164524361491203 1623.1427791714668 3
      vertex 11.295558907091618 1623.0524906367064 3
      vertex 12.931664489209652 1625.5670244172215 3
    endloop
  endfacet
  facet normal 0 0 1
    outer loop
      vertex 11.039158828556538 1623.239326365292 3
      vertex 11.164524361491203 1623.1427791714668 3
      vertex 12.931664489209652 1625.5670244172215 3
    endloop
  endfacet
  facet normal 0 0 1
    outer loop
      vertex 10.91962393373251 1623.3418523520231 3
      vertex 11.039158828556538 1623.239326365292 3
      vertex 12.931664489209652 1625.5670244172215 3
    endloop
  endfacet
  facet normal 0 0 1
    outer loop
      vertex 10.80608132481575 1623.4500772878528 3
      vertex 10.91962393373251 1623.3418523520231 3
      vertex 12.931664489209652 1625.5670244172215 3
    endloop
  endfacet
  facet normal 0 0 1
    outer loop
      vertex 10.698692627251148 1623.5637213140726 3
      vertex 10.80608132481575 1623.4500772878528 3
      vertex 12.931664489209652 1625.5670244172215 3
    endloop
  endfacet
  facet normal 0 0 1
    outer loop
      vertex 10.597619481384754 1623.6825045719743 3
      vertex 10.698692627251148 1623.5637213140726 3
      vertex 12.931664489209652 1625.5670244172215 3
    endloop
  endfacet
  facet normal 0 0 1
    outer loop
      vertex 10.503023512661457 1623.8061472252011 3
      vertex 10.597619481384754 1623.6825045719743 3
      vertex 12.931664489209652 1625.5670244172215 3
    endloop
  endfacet
  facet normal 0 0 1
    outer loop
      vertex 10.415066368877888 1623.9343694001436 3
      vertex 10.503023512661457 1623.8061472252011 3
      vertex 12.931664489209652 1625.5670244172215 3
    endloop
  endfacet
  facet normal 0 0 1
    outer loop
      vertex 10.333909668028355 1624.0668912604451 3
      vertex 10.415066368877888 1623.9343694001436 3
      vertex 12.931664489209652 1625.5670244172215 3
    endloop
  endfacet
  facet normal 0 0 1
    outer loop
      vertex 10.25971506536007 1624.2034329399467 3
      vertex 10.333909668028355 1624.0668912604451 3
      vertex 12.931664489209652 1625.5670244172215 3
    endloop
  endfacet
  facet normal 0 0 1
    outer loop
      vertex 10.19264417141676 1624.343714594841 3
      vertex 10.25971506536007 1624.2034329399467 3
      vertex 12.931664489209652 1625.5670244172215 3
    endloop
  endfacet
  facet normal 0 0 1
    outer loop
      vertex 10.132858641445637 1624.4874563664198 3
      vertex 10.19264417141676 1624.343714594841 3
      vertex 12.931664489209652 1625.5670244172215 3
    endloop
  endfacet
  facet normal 0 0 1
    outer loop
      vertex 10.08052010089159 1624.6343784034252 3
      vertex 10.132858641445637 1624.4874563664198 3
      vertex 12.931664489209652 1625.5670244172215 3
    endloop
  endfacet
  facet normal 0 0 1
    outer loop
      vertex 10.03579018265009 1624.7842008545995 3
      vertex 10.08052010089159 1624.6343784034252 3
      vertex 12.931664489209652 1625.5670244172215 3
    endloop
  endfacet
  facet normal 0 0 1
    outer loop
      vertex 9.998830527067184 1624.9366438612342 3
      vertex 10.03579018265009 1624.7842008545995 3
      vertex 12.931664489209652 1625.5670244172215 3
    endloop
  endfacet
  facet normal 0 0 1
    outer loop
      vertex 9.969802759587765 1625.0914275720716 3
      vertex 9.998830527067184 1624.9366438612342 3
      vertex 12.931664489209652 1625.5670244172215 3
    endloop
  endfacet
  facet normal 0 0 1
    outer loop
      vertex 9.948868528008461 1625.2482721433043 3
      vertex 9.969802759587765 1625.0914275720716 3
      vertex 12.931664489209652 1625.5670244172215 3
    endloop
  endfacet
  facet normal 0 0 1
    outer loop
      vertex 9.936189450323582 1625.406897701323 3
      vertex 9.948868528008461 1625.2482721433043 3
      vertex 12.931664489209652 1625.5670244172215 3
    endloop
  endfacet
  facet normal 0 0 1
    outer loop
      vertex 9.931927174329758 1625.5670244172215 3
      vertex 9.936189450323582 1625.406897701323 3
      vertex 12.931664489209652 1625.5670244172215 3
    endloop
  endfacet
  facet normal 0 0 1
    outer loop
      vertex 6.9322508573532104 1662.8020124807954 3
      vertex 9.96000300347805 1662.8020124807954 3
      vertex 9.96000300347805 1664.4804320260882 3
    endloop
  endfacet
  facet normal 0 0 1
    outer loop
      vertex 6.9322508573532104 1662.8020124807954 3
      vertex 9.96000300347805 1664.4804320260882 3
      vertex 6.932128861546516 1665.805953770876 3
    endloop
  endfacet
  facet normal 0 0 1
    outer loop
      vertex 9.931927174329758 1625.5670244172215 3
      vertex 12.931664489209652 1625.5670244172215 3
      vertex 12.932274483144283 1646.7237726300955 3
    endloop
  endfacet
  facet normal 0 0 1
    outer loop
      vertex 9.932415172457695 1646.9275113642216 3
      vertex 9.931927174329758 1625.5670244172215 3
      vertex 12.932274483144283 1646.7237726300955 3
    endloop
  endfacet
  facet normal 0 0 1
    outer loop
      vertex 9.932415172457695 1646.9275113642216 3
      vertex 12.932274483144283 1646.7237726300955 3
      vertex 12.932274483144283 1647.7245863974094 3
    endloop
  endfacet
  facet normal 0 0 1
    outer loop
      vertex 9.932415172457695 1646.9275113642216 3
      vertex 12.932274483144283 1647.7245863974094 3
      vertex 12.92449926584959 1647.9194807261229 3
    endloop
  endfacet
  facet normal 0 0 1
    outer loop
      vertex 9.932415172457695 1646.9275113642216 3
      vertex 12.92449926584959 1647.9194807261229 3
      vertex 12.90141074359417 1648.1153490915895 3
    endloop
  endfacet
  facet normal 0 0 1
    outer loop
      vertex 9.932415172457695 1646.9275113642216 3
      vertex 12.90141074359417 1648.1153490915895 3
      vertex 12.863090135157108 1648.311063453555 3
    endloop
  endfacet
  facet normal 0 0 1
    outer loop
      vertex 9.932415172457695 1646.9275113642216 3
      vertex 12.863090135157108 1648.311063453555 3
      vertex 12.809618636965752 1648.5054957717657 3
    endloop
  endfacet
  facet normal 0 0 1
    outer loop
      vertex 9.932415172457695 1646.9275113642216 3
      vertex 12.809618636965752 1648.5054957717657 3
      vertex 12.741077460348606 1648.697517991066 3
    endloop
  endfacet
  facet normal 0 0 1
    outer loop
      vertex 9.932415172457695 1646.9275113642216 3
      vertex 12.741077460348606 1648.697517991066 3
      vertex 12.657547816634178 1648.8860020712018 3
    endloop
  endfacet
  facet normal 0 0 1
    outer loop
      vertex 9.932415172457695 1646.9275113642216 3
      vertex 12.657547816634178 1648.8860020712018 3
      vertex 12.559110909700394 1649.0698199644685 3
    endloop
  endfacet
  facet normal 0 0 1
    outer loop
      vertex 9.932415172457695 1646.9275113642216 3
      vertex 12.559110909700394 1649.0698199644685 3
      vertex 12.44584795087576 1649.247843630612 3
    endloop
  endfacet
  facet normal 0 0 1
    outer loop
      vertex 9.932415172457695 1646.9275113642216 3
      vertex 12.44584795087576 1649.247843630612 3
      vertex 12.3178401440382 1649.4189450144768 3
    endloop
  endfacet
  facet normal 0 0 1
    outer loop
      vertex 9.932415172457695 1646.9275113642216 3
      vertex 12.3178401440382 1649.4189450144768 3
      vertex 12.175168700516224 1649.581996075809 3
    endloop
  endfacet
  facet normal 0 0 1
    outer loop
      vertex 9.932415172457695 1646.9275113642216 3
      vertex 12.175168700516224 1649.581996075809 3
      vertex 12.017914831638336 1649.7358687743545 3
    endloop
  endfacet
  facet normal 0 0 1
    outer loop
      vertex 9.932415172457695 1646.9275113642216 3
      vertex 12.017914831638336 1649.7358687743545 3
      vertex 11.846159741282463 1649.8794350549579 3
    endloop
  endfacet
  facet normal 0 0 1
    outer loop
      vertex 9.932415172457695 1646.9275113642216 3
      vertex 11.846159741282463 1649.8794350549579 3
      vertex 11.65998463332653 1650.011566877365 3
    endloop
  endfacet
  facet normal 0 0 1
    outer loop
      vertex 9.932415172457695 1646.9275113642216 3
      vertex 11.65998463332653 1650.011566877365 3
      vertex 11.459470726549625 1650.1311361938715 3
    endloop
  endfacet
  facet normal 0 0 1
    outer loop
      vertex 9.932415172457695 1646.9275113642216 3
      vertex 11.459470726549625 1650.1311361938715 3
      vertex 11.244699217379093 1650.237014964223 3
    endloop
  endfacet
  facet normal 0 0 1
    outer loop
      vertex 9.932415172457695 1646.9275113642216 3
      vertex 11.244699217379093 1650.237014964223 3
      vertex 11.01575131714344 1650.3280751407146 3
    endloop
  endfacet
  facet normal 0 0 1
    outer loop
      vertex 9.932415172457695 1646.9275113642216 3
      vertex 11.01575131714344 1650.3280751407146 3
      vertex 10.772708244621754 1650.403188675642 3
    endloop
  endfacet
  facet normal 0 0 1
    outer loop
      vertex 9.932415172457695 1646.9275113642216 3
      vertex 10.772708244621754 1650.403188675642 3
      vertex 10.515651188790798 1650.4612275213003 3
    endloop
  endfacet
  facet normal 0 0 1
    outer loop
      vertex 9.932415172457695 1646.9275113642216 3
      vertex 10.515651188790798 1650.4612275213003 3
      vertex 10.244661375880241 1650.5010636374354 3
    endloop
  endfacet
  facet normal 0 0 1
    outer loop
      vertex 9.932415172457695 1646.9275113642216 3
      vertex 10.244661375880241 1650.5010636374354 3
      vertex 9.959820002317429 1650.5215689763427 3
    endloop
  endfacet
  facet normal 0 0 1
    outer loop
      vertex 9.932415172457695 1646.9275113642216 3
      vertex 9.959820002317429 1650.5215689763427 3
      vertex 9.93651945143938 1650.521508909762 3
    endloop
  endfacet
  facet normal 0 0 1
    outer loop
      vertex 9.932415172457695 1646.9275113642216 3
      vertex 9.93651945143938 1650.521508909762 3
      vertex 9.87263272702694 1650.5213332623243 3
    endloop
  endfacet
  facet normal 0 0 1
    outer loop
      vertex 9.932415172457695 1646.9275113642216 3
      vertex 9.87263272702694 1650.5213332623243 3
      vertex 9.77267774939537 1650.5210623517632 3
    endloop
  endfacet
  facet normal 0 0 1
    outer loop
      vertex 9.932415172457695 1646.9275113642216 3
      vertex 9.77267774939537 1650.5210623517632 3
      vertex 9.641172431409359 1650.520716495812 3
    endloop
  endfacet
  facet normal 0 0 1
    outer loop
      vertex 9.932415172457695 1646.9275113642216 3
      vertex 9.641172431409359 1650.520716495812 3
      vertex 9.48263469338417 1650.5203160122037 3
    endloop
  endfacet
  facet normal 0 0 1
    outer loop
      vertex 9.932415172457695 1646.9275113642216 3
      vertex 9.48263469338417 1650.5203160122037 3
      vertex 9.30158244073391 1650.5198812112212 3
    endloop
  endfacet
  facet normal 0 0 1
    outer loop
      vertex 9.932415172457695 1646.9275113642216 3
      vertex 9.30158244073391 1650.5198812112212 3
      vertex 9.102533601224422 1650.5194324180484 3
    endloop
  endfacet
  facet normal 0 0 1
    outer loop
      vertex 9.932415172457695 1646.9275113642216 3
      vertex 9.102533601224422 1650.5194324180484 3
      vertex 8.890006087720394 1650.5189899504185 3
    endloop
  endfacet
  facet normal 0 0 1
    outer loop
      vertex 6.932433858513832 1646.9275113642216 3
      vertex 9.932415172457695 1646.9275113642216 3
      vertex 8.890006087720394 1650.5189899504185 3
    endloop
  endfacet
  facet normal 0 0 1
    outer loop
      vertex 6.932433858513832 1646.9275113642216 3
      vertex 8.890006087720394 1650.5189899504185 3
      vertex 8.66851781308651 1650.5185741186142 3
    endloop
  endfacet
  facet normal 0 0 1
    outer loop
      vertex 6.932433858513832 1646.9275113642216 3
      vertex 8.66851781308651 1650.5185741186142 3
      vertex 8.442586705088615 1650.5182052478194 3
    endloop
  endfacet
  facet normal 0 0 1
    outer loop
      vertex 6.932433858513832 1646.9275113642216 3
      vertex 8.442586705088615 1650.5182052478194 3
      vertex 8.216730661690235 1650.5179036483169 3
    endloop
  endfacet
  facet normal 0 0 1
    outer loop
      vertex 6.932433858513832 1646.9275113642216 3
      vertex 8.216730661690235 1650.5179036483169 3
      vertex 7.995467610657215 1650.5176896378398 3
    endloop
  endfacet
  facet normal 0 0 1
    outer loop
      vertex 6.932433858513832 1646.9275113642216 3
      vertex 7.995467610657215 1650.5176896378398 3
      vertex 7.783315472304821 1650.517583541572 3
    endloop
  endfacet
  facet normal 0 0 1
    outer loop
      vertex 6.932433858513832 1646.9275113642216 3
      vertex 7.783315472304821 1650.517583541572 3
      vertex 7.584792152047157 1650.5176056697965 3
    endloop
  endfacet
  facet normal 0 0 1
    outer loop
      vertex 6.932433858513832 1646.9275113642216 3
      vertex 7.584792152047157 1650.5176056697965 3
      vertex 7.40441557765007 1650.5177763402462 3
    endloop
  endfacet
  facet normal 0 0 1
    outer loop
      vertex 6.932433858513832 1646.9275113642216 3
      vertex 7.40441557765007 1650.5177763402462 3
      vertex 7.246703654527664 1650.5181158781052 3
    endloop
  endfacet
  facet normal 0 0 1
    outer loop
      vertex 6.932433858513832 1646.9275113642216 3
      vertex 7.246703654527664 1650.5181158781052 3
      vertex 7.116174302995205 1650.5186445862055 3
    endloop
  endfacet
  facet normal 0 0 1
    outer loop
      vertex 6.932433858513832 1646.9275113642216 3
      vertex 7.116174302995205 1650.5186445862055 3
      vertex 7.017345443367958 1650.5193827971816 3
    endloop
  endfacet
  facet normal 0 0 1
    outer loop
      vertex 6.932433858513832 1646.9275113642216 3
      vertex 7.017345443367958 1650.5193827971816 3
      vertex 6.954734988510609 1650.5203508213162 3
    endloop
  endfacet
  facet normal 0 0 1
    outer loop
      vertex 6.686378367245197 1646.93675404042 3
      vertex 6.932433858513832 1646.9275113642216 3
      vertex 6.954734988510609 1650.5203508213162 3
    endloop
  endfacet
  facet normal 0 0 1
    outer loop
      vertex 6.686378367245197 1646.93675404042 3
      vertex 6.954734988510609 1650.5203508213162 3
      vertex 6.932860858738422 1650.5215689763427 3
    endloop
  endfacet
  facet normal 0 0 1
    outer loop
      vertex 6.445799842476845 1646.9640565365553 3
      vertex 6.686378367245197 1646.93675404042 3
      vertex 6.932860858738422 1650.5215689763427 3
    endloop
  endfacet
  facet normal 0 0 1
    outer loop
      vertex 6.211470380425453 1647.0086995139718 3
      vertex 6.445799842476845 1646.9640565365553 3
      vertex 6.932860858738422 1650.5215689763427 3
    endloop
  endfacet
  facet normal 0 0 1
    outer loop
      vertex 5.984162092208862 1647.069963671267 3
      vertex 6.211470380425453 1647.0086995139718 3
      vertex 6.932860858738422 1650.5215689763427 3
    endloop
  endfacet
  facet normal 0 0 1
    outer loop
      vertex 5.764647088944912 1647.147129677236 3
      vertex 5.984162092208862 1647.069963671267 3
      vertex 6.932860858738422 1650.5215689763427 3
    endloop
  endfacet
  facet normal 0 0 1
    outer loop
      vertex 5.553697466850281 1647.2394782155752 3
      vertex 5.764647088944912 1647.147129677236 3
      vertex 6.932860858738422 1650.5215689763427 3
    endloop
  endfacet
  facet normal 0 0 1
    outer loop
      vertex 5.352085329592228 1647.3462899625301 3
      vertex 5.553697466850281 1647.2394782155752 3
      vertex 6.932860858738422 1650.5215689763427 3
    endloop
  endfacet
  facet normal 0 0 1
    outer loop
      vertex 5.160582795739174 1647.466845601797 3
      vertex 5.352085329592228 1647.3462899625301 3
      vertex 6.932860858738422 1650.5215689763427 3
    endloop
  endfacet
  facet normal 0 0 1
    outer loop
      vertex 4.979961968958378 1647.6004258096218 3
      vertex 5.160582795739174 1647.466845601797 3
      vertex 6.932860858738422 1650.5215689763427 3
    endloop
  endfacet
  facet normal 0 0 1
    outer loop
      vertex 4.810994945466518 1647.74631126225 3
      vertex 4.979961968958378 1647.6004258096218 3
      vertex 6.932860858738422 1650.5215689763427 3
    endloop
  endfacet
  facet normal 0 0 1
    outer loop
      vertex 4.654453843832016 1647.9037826433778 3
      vertex 4.810994945466518 1647.74631126225 3
      vertex 6.932860858738422 1650.5215689763427 3
    endloop
  endfacet
  facet normal 0 0 1
    outer loop
      vertex 4.511110760271549 1648.072120629251 3
      vertex 4.654453843832016 1647.9037826433778 3
      vertex 6.932860858738422 1650.5215689763427 3
    endloop
  endfacet
  facet normal 0 0 1
    outer loop
      vertex 4.381737798452377 1648.2506059035659 3
      vertex 4.511110760271549 1648.072120629251 3
      vertex 6.932860858738422 1650.5215689763427 3
    endloop
  endfacet
  facet normal 0 0 1
    outer loop
      vertex 4.267107076942921 1648.4385191500187 3
      vertex 4.381737798452377 1648.2506059035659 3
      vertex 6.932860858738422 1650.5215689763427 3
    endloop
  endfacet
  facet normal 0 0 1
    outer loop
      vertex 4.167990684509277 1648.6351410374045 3
      vertex 4.267107076942921 1648.4385191500187 3
      vertex 6.932860858738422 1650.5215689763427 3
    endloop
  endfacet
  facet normal 0 0 1
    outer loop
      vertex 4.085160747170448 1648.8397522494197 3
      vertex 4.167990684509277 1648.6351410374045 3
      vertex 6.932860858738422 1650.5215689763427 3
    endloop
  endfacet
  facet normal 0 0 1
    outer loop
      vertex 4.019389353692532 1649.0516334697604 3
      vertex 4.085160747170448 1648.8397522494197 3
      vertex 6.932860858738422 1650.5215689763427 3
    endloop
  endfacet
  facet normal 0 0 1
    outer loop
      vertex 3.9714486226439476 1649.2700653672218 3
      vertex 4.019389353692532 1649.0516334697604 3
      vertex 6.932860858738422 1650.5215689763427 3
    endloop
  endfacet
  facet normal 0 0 1
    outer loop
      vertex 3.942110650241375 1649.4943286329508 3
      vertex 3.9714486226439476 1649.2700653672218 3
      vertex 6.932860858738422 1650.5215689763427 3
    endloop
  endfacet
  facet normal 0 0 1
    outer loop
      vertex 3.9321475476026535 1649.723703943193 3
      vertex 3.942110650241375 1649.4943286329508 3
      vertex 6.932860858738422 1650.5215689763427 3
    endloop
  endfacet
  facet normal 0 0 1
    outer loop
      vertex 3.9321475476026535 1649.723703943193 3
      vertex 6.932860858738422 1650.5215689763427 3
      vertex 6.932372860610485 1655.5205578356981 3
    endloop
  endfacet
  facet normal 0 0 1
    outer loop
      vertex 5.432199202477932 1669.767409093678 3
      vertex 5.431833207607269 1669.7679090872407 3
      vertex 5.308811604976654 1669.763248987496 3
    endloop
  endfacet
  facet normal 0 0 1
    outer loop
      vertex 3.9321475476026535 1649.723703943193 3
      vertex 6.932372860610485 1655.5205578356981 3
      vertex 6.9322508573532104 1662.8020124807954 3
    endloop
  endfacet
  facet normal 0 0 1
    outer loop
      vertex 3.9321475476026535 1668.3695378005505 3
      vertex 3.9321475476026535 1649.723703943193 3
      vertex 6.9322508573532104 1662.8020124807954 3
    endloop
  endfacet
  facet normal 0 0 1
    outer loop
      vertex 3.9321475476026535 1668.3695378005505 3
      vertex 6.9322508573532104 1662.8020124807954 3
      vertex 6.932128861546516 1665.805953770876 3
    endloop
  endfacet
  facet normal 0 0 1
    outer loop
      vertex 3.9321475476026535 1668.3695378005505 3
      vertex 6.932128861546516 1665.805953770876 3
      vertex 6.932311862707138 1668.3665178194642 3
    endloop
  endfacet
  facet normal 0 0 1
    outer loop
      vertex 3.9321475476026535 1668.3695378005505 3
      vertex 6.932311862707138 1668.3665178194642 3
      vertex 6.932311862707138 1668.3685178086162 3
    endloop
  endfacet
  facet normal 0 0 1
    outer loop
      vertex 3.9321475476026535 1668.3695378005505 3
      vertex 6.932311862707138 1668.3685178086162 3
      vertex 6.927339442074299 1668.4832315295935 3
    endloop
  endfacet
  facet normal 0 0 1
    outer loop
      vertex 3.9321475476026535 1668.3695378005505 3
      vertex 6.927339442074299 1668.4832315295935 3
      vertex 6.912679471075535 1668.5953958034515 3
    endloop
  endfacet
  facet normal 0 0 1
    outer loop
      vertex 3.9321475476026535 1668.3695378005505 3
      vertex 6.912679471075535 1668.5953958034515 3
      vertex 6.888717889785767 1668.7046501114964 3
    endloop
  endfacet
  facet normal 0 0 1
    outer loop
      vertex 3.9321475476026535 1668.3695378005505 3
      vertex 6.888717889785767 1668.7046501114964 3
      vertex 6.855840638279915 1668.8106339350343 3
    endloop
  endfacet
  facet normal 0 0 1
    outer loop
      vertex 3.9321475476026535 1668.3695378005505 3
      vertex 6.855840638279915 1668.8106339350343 3
      vertex 6.8144336566329 1668.912986755371 3
    endloop
  endfacet
  facet normal 0 0 1
    outer loop
      vertex 3.9321475476026535 1668.3695378005505 3
      vertex 6.8144336566329 1668.912986755371 3
      vertex 6.764882877469063 1669.0113480687141 3
    endloop
  endfacet
  facet normal 0 0 1
    outer loop
      vertex 3.9321475476026535 1668.3695378005505 3
      vertex 6.764882877469063 1669.0113480687141 3
      vertex 6.707574248313904 1669.1053573563695 3
    endloop
  endfacet
  facet normal 0 0 1
    outer loop
      vertex 3.9321475476026535 1668.3695378005505 3
      vertex 6.707574248313904 1669.1053573563695 3
      vertex 6.642893694341183 1669.1946540996432 3
    endloop
  endfacet
  facet normal 0 0 1
    outer loop
      vertex 3.9321475476026535 1668.3695378005505 3
      vertex 6.642893694341183 1669.1946540996432 3
      vertex 6.571227163076401 1669.278877787292 3
    endloop
  endfacet
  facet normal 0 0 1
    outer loop
      vertex 3.9321475476026535 1668.3695378005505 3
      vertex 6.571227163076401 1669.278877787292 3
      vertex 6.492960594594479 1669.3576678931713 3
    endloop
  endfacet
  facet normal 0 0 1
    outer loop
      vertex 3.9321475476026535 1668.3695378005505 3
      vertex 6.492960594594479 1669.3576678931713 3
      vertex 6.408479928970337 1669.4306639134884 3
    endloop
  endfacet
  facet normal 0 0 1
    outer loop
      vertex 3.9321475476026535 1668.3695378005505 3
      vertex 6.408479928970337 1669.4306639134884 3
      vertex 6.318171091377735 1669.4975053295493 3
    endloop
  endfacet
  facet normal 0 0 1
    outer loop
      vertex 3.9321475476026535 1668.3695378005505 3
      vertex 6.318171091377735 1669.4975053295493 3
      vertex 6.222420036792755 1669.5578316301107 3
    endloop
  endfacet
  facet normal 0 0 1
    outer loop
      vertex 3.9321475476026535 1668.3695378005505 3
      vertex 6.222420036792755 1669.5578316301107 3
      vertex 6.121612690389156 1669.6112822964787 3
    endloop
  endfacet
  facet normal 0 0 1
    outer loop
      vertex 3.9321475476026535 1668.3695378005505 3
      vertex 6.121612690389156 1669.6112822964787 3
      vertex 6.016135007143021 1669.6574968099594 3
    endloop
  endfacet
  facet normal 0 0 1
    outer loop
      vertex 3.9321475476026535 1668.3695378005505 3
      vertex 6.016135007143021 1669.6574968099594 3
      vertex 5.906372904777527 1669.6961146593094 3
    endloop
  endfacet
  facet normal 0 0 1
    outer loop
      vertex 3.9321475476026535 1668.3695378005505 3
      vertex 5.906372904777527 1669.6961146593094 3
      vertex 5.792712338268757 1669.7267753258348 3
    endloop
  endfacet
  facet normal 0 0 1
    outer loop
      vertex 3.9321475476026535 1668.3695378005505 3
      vertex 5.792712338268757 1669.7267753258348 3
      vertex 5.675539240241051 1669.7491182982922 3
    endloop
  endfacet
  facet normal 0 0 1
    outer loop
      vertex 3.9321475476026535 1668.3695378005505 3
      vertex 5.675539240241051 1669.7491182982922 3
      vertex 5.555239550769329 1669.7627830579877 3
    endloop
  endfacet
  facet normal 0 0 1
    outer loop
      vertex 3.9321475476026535 1668.3695378005505 3
      vertex 5.555239550769329 1669.7627830579877 3
      vertex 5.432199202477932 1669.767409093678 3
    endloop
  endfacet
  facet normal 0 0 1
    outer loop
      vertex 3.9321475476026535 1668.3695378005505 3
      vertex 5.432199202477932 1669.767409093678 3
      vertex 5.308811604976654 1669.763248987496 3
    endloop
  endfacet
  facet normal 0 0 1
    outer loop
      vertex 3.9321475476026535 1668.3695378005505 3
      vertex 5.308811604976654 1669.763248987496 3
      vertex 5.18853148072958 1669.749562382698 3
    endloop
  endfacet
  facet normal 0 0 1
    outer loop
      vertex 3.9321475476026535 1668.3695378005505 3
      vertex 5.18853148072958 1669.749562382698 3
      vertex 5.07137867808342 1669.7272088006139 3
    endloop
  endfacet
  facet normal 0 0 1
    outer loop
      vertex 3.9321475476026535 1668.3695378005505 3
      vertex 5.07137867808342 1669.7272088006139 3
      vertex 4.957739047706127 1669.6965477764606 3
    endloop
  endfacet
  facet normal 0 0 1
    outer loop
      vertex 3.9321475476026535 1668.3695378005505 3
      vertex 4.957739047706127 1669.6965477764606 3
      vertex 4.847998432815075 1669.657938838005 3
    endloop
  endfacet
  facet normal 0 0 1
    outer loop
      vertex 3.9321475476026535 1668.3695378005505 3
      vertex 4.847998432815075 1669.657938838005 3
      vertex 4.742542691528797 1669.6117415204644 3
    endloop
  endfacet
  facet normal 0 0 1
    outer loop
      vertex 3.9321475476026535 1668.3695378005505 3
      vertex 4.742542691528797 1669.6117415204644 3
      vertex 4.641757659614086 1669.558315359056 3
    endloop
  endfacet
  facet normal 0 0 1
    outer loop
      vertex 3.9321475476026535 1668.3695378005505 3
      vertex 4.641757659614086 1669.558315359056 3
      vertex 4.546029187738895 1669.498019888997 3
    endloop
  endfacet
  facet normal 0 0 1
    outer loop
      vertex 3.9321475476026535 1668.3695378005505 3
      vertex 4.546029187738895 1669.498019888997 3
      vertex 4.455743119120598 1669.4312146380544 3
    endloop
  endfacet
  facet normal 0 0 1
    outer loop
      vertex 3.9321475476026535 1668.3695378005505 3
      vertex 4.455743119120598 1669.4312146380544 3
      vertex 4.3712853118777275 1669.3582591414452 3
    endloop
  endfacet
  facet normal 0 0 1
    outer loop
      vertex 3.9321475476026535 1668.3695378005505 3
      vertex 4.3712853118777275 1669.3582591414452 3
      vertex 4.293041601777077 1669.2795129269361 3
    endloop
  endfacet
  facet normal 0 0 1
    outer loop
      vertex 3.9321475476026535 1668.3695378005505 3
      vertex 4.293041601777077 1669.2795129269361 3
      vertex 4.221397839486599 1669.1953355371952 3
    endloop
  endfacet
  facet normal 0 0 1
    outer loop
      vertex 3.937101222574711 1668.4842214658856 3
      vertex 3.9321475476026535 1668.3695378005505 3
      vertex 4.221397839486599 1669.1953355371952 3
    endloop
  endfacet
  facet normal 0 0 1
    outer loop
      vertex 3.937101222574711 1668.4842214658856 3
      vertex 4.221397839486599 1669.1953355371952 3
      vertex 4.156739875674248 1669.1060864925385 3
    endloop
  endfacet
  facet normal 0 0 1
    outer loop
      vertex 3.9517416283488274 1668.5963502079248 3
      vertex 3.937101222574711 1668.4842214658856 3
      vertex 4.156739875674248 1669.1060864925385 3
    endloop
  endfacet
  facet normal 0 0 1
    outer loop
      vertex 3.9517416283488274 1668.5963502079248 3
      vertex 4.156739875674248 1669.1060864925385 3
      vertex 4.099453553557396 1669.0121253356338 3
    endloop
  endfacet
  facet normal 0 0 1
    outer loop
      vertex 3.9756829142570496 1668.7055644989014 3
      vertex 3.9517416283488274 1668.5963502079248 3
      vertex 4.099453553557396 1669.0121253356338 3
    endloop
  endfacet
  facet normal 0 0 1
    outer loop
      vertex 4.049924716353416 1668.9138115942478 3
      vertex 4.008539222180843 1668.811504803598 3
      vertex 3.9756829142570496 1668.7055644989014 3
    endloop
  endfacet
  facet normal 0 0 1
    outer loop
      vertex 4.049924716353416 1668.9138115942478 3
      vertex 3.9756829142570496 1668.7055644989014 3
      vertex 4.099453553557396 1669.0121253356338 3
    endloop
  endfacet
  facet normal 0 0 -1
    outer loop
      vertex 12.931664489209652 1625.5670244172215 0
      vertex 15.932072803378105 1625.5670244172215 0
      vertex 15.9278105199337 1625.4068934321404 0
    endloop
  endfacet
  facet normal 0 0 -1
    outer loop
      vertex 12.931664489209652 1625.5670244172215 0
      vertex 15.9278105199337 1625.4068934321404 0
      vertex 15.915131449699402 1625.2482640370727 0
    endloop
  endfacet
  facet normal 0 0 -1
    outer loop
      vertex 12.931664489209652 1625.5670244172215 0
      vertex 15.915131449699402 1625.2482640370727 0
      vertex 15.894197210669518 1625.0914160981774 0
    endloop
  endfacet
  facet normal 0 0 -1
    outer loop
      vertex 12.931664489209652 1625.5670244172215 0
      vertex 15.894197210669518 1625.0914160981774 0
      vertex 15.865169450640678 1624.936629459262 0
    endloop
  endfacet
  facet normal 0 0 -1
    outer loop
      vertex 12.931664489209652 1625.5670244172215 0
      vertex 15.865169450640678 1624.936629459262 0
      vertex 15.828209787607193 1624.7841839790344 0
    endloop
  endfacet
  facet normal 0 0 -1
    outer loop
      vertex 12.931664489209652 1625.5670244172215 0
      vertex 15.828209787607193 1624.7841839790344 0
      vertex 15.783479876816273 1624.6343595013022 0
    endloop
  endfacet
  facet normal 0 0 -1
    outer loop
      vertex 12.931664489209652 1625.5670244172215 0
      vertex 15.783479876816273 1624.6343595013022 0
      vertex 15.731141328811646 1624.4874358922243 0
    endloop
  endfacet
  facet normal 0 0 -1
    outer loop
      vertex 12.931664489209652 1625.5670244172215 0
      vertex 15.731141328811646 1624.4874358922243 0
      vertex 15.671355798840523 1624.3436929956079 0
    endloop
  endfacet
  facet normal 0 0 -1
    outer loop
      vertex 12.931664489209652 1625.5670244172215 0
      vertex 15.671355798840523 1624.3436929956079 0
      vertex 15.604284912347794 1624.2034106627107 0
    endloop
  endfacet
  facet normal 0 0 -1
    outer loop
      vertex 12.931664489209652 1625.5670244172215 0
      vertex 15.604284912347794 1624.2034106627107 0
      vertex 15.530090302228928 1624.0668687596917 0
    endloop
  endfacet
  facet normal 0 0 -1
    outer loop
      vertex 12.931664489209652 1625.5670244172215 0
      vertex 15.530090302228928 1624.0668687596917 0
      vertex 15.448933608829975 1623.9343471229076 0
    endloop
  endfacet
  facet normal 0 0 -1
    outer loop
      vertex 12.931664489209652 1625.5670244172215 0
      vertex 15.448933608829975 1623.9343471229076 0
      vertex 15.360976465046406 1623.806125625968 0
    endloop
  endfacet
  facet normal 0 0 -1
    outer loop
      vertex 12.931664489209652 1625.5670244172215 0
      vertex 15.360976465046406 1623.806125625968 0
      vertex 15.266380496323109 1623.6824840977788 0
    endloop
  endfacet
  facet normal 0 0 -1
    outer loop
      vertex 12.931664489209652 1625.5670244172215 0
      vertex 15.266380496323109 1623.6824840977788 0
      vertex 15.165307350456715 1623.5637024119496 0
    endloop
  endfacet
  facet normal 0 0 -1
    outer loop
      vertex 12.931664489209652 1625.5670244172215 0
      vertex 15.165307350456715 1623.5637024119496 0
      vertex 15.057918652892113 1623.4500604122877 0
    endloop
  endfacet
  facet normal 0 0 -1
    outer loop
      vertex 12.931664489209652 1625.5670244172215 0
      vertex 15.057918652892113 1623.4500604122877 0
      vertex 14.944376043975353 1623.3418379575014 0
    endloop
  endfacet
  facet normal 0 0 -1
    outer loop
      vertex 12.931664489209652 1625.5670244172215 0
      vertex 14.944376043975353 1623.3418379575014 0
      vertex 14.824841149151325 1623.239314891398 0
    endloop
  endfacet
  facet normal 0 0 -1
    outer loop
      vertex 12.931664489209652 1625.5670244172215 0
      vertex 14.824841149151325 1623.239314891398 0
      vertex 14.69947561621666 1623.1427710726857 0
    endloop
  endfacet
  facet normal 0 0 -1
    outer loop
      vertex 12.931664489209652 1625.5670244172215 0
      vertex 14.69947561621666 1623.1427710726857 0
      vertex 14.568441070616245 1623.052486360073 0
    endloop
  endfacet
  facet normal 0 0 -1
    outer loop
      vertex 12.931664489209652 1625.5670244172215 0
      vertex 14.568441070616245 1623.052486360073 0
      vertex 14.431899145245552 1622.9687405973673 0
    endloop
  endfacet
  facet normal 0 0 -1
    outer loop
      vertex 12.931664489209652 1625.5670244172215 0
      vertex 14.431899145245552 1622.9687405973673 0
      vertex 14.291123263537884 1622.8923852965236 0
    endloop
  endfacet
  facet normal 0 0 -1
    outer loop
      vertex 12.931664489209652 1625.5670244172215 0
      vertex 14.291123263537884 1622.8923852965236 0
      vertex 14.147439517080784 1622.8240673989058 0
    endloop
  endfacet
  facet normal 0 0 -1
    outer loop
      vertex 12.931664489209652 1625.5670244172215 0
      vertex 14.147439517080784 1622.8240673989058 0
      vertex 14.00117090344429 1622.7637868970633 0
    endloop
  endfacet
  facet normal 0 0 -1
    outer loop
      vertex 12.931664489209652 1625.5670244172215 0
      vertex 14.00117090344429 1622.7637868970633 0
      vertex 13.85264040529728 1622.7115437984467 0
    endloop
  endfacet
  facet normal 0 0 -1
    outer loop
      vertex 12.931664489209652 1625.5670244172215 0
      vertex 13.85264040529728 1622.7115437984467 0
      vertex 13.70217103511095 1622.667338103056 0
    endloop
  endfacet
  facet normal 0 0 -1
    outer loop
      vertex 12.931664489209652 1625.5670244172215 0
      vertex 13.70217103511095 1622.667338103056 0
      vertex 13.5500857681036 1622.6311698034406 0
    endloop
  endfacet
  facet normal 0 0 -1
    outer loop
      vertex 12.931664489209652 1625.5670244172215 0
      vertex 13.5500857681036 1622.6311698034406 0
      vertex 13.396707616746426 1622.6030388996005 0
    endloop
  endfacet
  facet normal 0 0 -1
    outer loop
      vertex 12.931664489209652 1625.5670244172215 0
      vertex 13.396707616746426 1622.6030388996005 0
      vertex 13.242359563708305 1622.5829453989863 0
    endloop
  endfacet
  facet normal 0 0 -1
    outer loop
      vertex 12.931664489209652 1625.5670244172215 0
      vertex 13.242359563708305 1622.5829453989863 0
      vertex 13.087364606559277 1622.570889301598 0
    endloop
  endfacet
  facet normal 0 0 -1
    outer loop
      vertex 12.931664489209652 1625.5670244172215 0
      vertex 13.087364606559277 1622.570889301598 0
      vertex 12.932045735418797 1622.5668705999851 0
    endloop
  endfacet
  facet normal 0 0 -1
    outer loop
      vertex 12.931664489209652 1625.5670244172215 0
      vertex 12.932045735418797 1622.5668705999851 0
      vertex 12.776725955307484 1622.570889301598 0
    endloop
  endfacet
  facet normal 0 0 -1
    outer loop
      vertex 12.931664489209652 1625.5670244172215 0
      vertex 12.776725955307484 1622.570889301598 0
      vertex 12.621728248894215 1622.5829453989863 0
    endloop
  endfacet
  facet normal 0 0 -1
    outer loop
      vertex 12.931664489209652 1625.5670244172215 0
      vertex 12.621728248894215 1622.5829453989863 0
      vertex 12.467375621199608 1622.6030388996005 0
    endloop
  endfacet
  facet normal 0 0 -1
    outer loop
      vertex 12.931664489209652 1625.5670244172215 0
      vertex 12.467375621199608 1622.6030388996005 0
      vertex 12.31399106234312 1622.6311698034406 0
    endloop
  endfacet
  facet normal 0 0 -1
    outer loop
      vertex 12.931664489209652 1625.5670244172215 0
      vertex 12.31399106234312 1622.6311698034406 0
      vertex 12.16189756244421 1622.667338103056 0
    endloop
  endfacet
  facet normal 0 0 -1
    outer loop
      vertex 12.931664489209652 1625.5670244172215 0
      vertex 12.16189756244421 1622.667338103056 0
      vertex 12.011418126523495 1622.7115437984467 0
    endloop
  endfacet
  facet normal 0 0 -1
    outer loop
      vertex 12.931664489209652 1625.5670244172215 0
      vertex 12.011418126523495 1622.7115437984467 0
      vertex 11.862875737249851 1622.7637868970633 0
    endloop
  endfacet
  facet normal 0 0 -1
    outer loop
      vertex 12.931664489209652 1625.5670244172215 0
      vertex 11.862875737249851 1622.7637868970633 0
      vertex 11.716593399643898 1622.8240673989058 0
    endloop
  endfacet
  facet normal 0 0 -1
    outer loop
      vertex 12.931664489209652 1625.5670244172215 0
      vertex 11.716593399643898 1622.8240673989058 0
      vertex 11.572894096374512 1622.8923852965236 0
    endloop
  endfacet
  facet normal 0 0 -1
    outer loop
      vertex 12.931664489209652 1625.5670244172215 0
      vertex 11.572894096374512 1622.8923852965236 0
      vertex 11.43210083246231 1622.9687405973673 0
    endloop
  endfacet
  facet normal 0 0 -1
    outer loop
      vertex 12.931664489209652 1625.5670244172215 0
      vertex 11.43210083246231 1622.9687405973673 0
      vertex 11.295558907091618 1623.0524906367064 0
    endloop
  endfacet
  facet normal 0 0 -1
    outer loop
      vertex 12.931664489209652 1625.5670244172215 0
      vertex 11.295558907091618 1623.0524906367064 0
      vertex 11.164524361491203 1623.1427791714668 0
    endloop
  endfacet
  facet normal 0 0 -1
    outer loop
      vertex 12.931664489209652 1625.5670244172215 0
      vertex 11.164524361491203 1623.1427791714668 0
      vertex 11.039158828556538 1623.239326365292 0
    endloop
  endfacet
  facet normal 0 0 -1
    outer loop
      vertex 12.931664489209652 1625.5670244172215 0
      vertex 11.039158828556538 1623.239326365292 0
      vertex 10.91962393373251 1623.3418523520231 0
    endloop
  endfacet
  facet normal 0 0 -1
    outer loop
      vertex 12.931664489209652 1625.5670244172215 0
      vertex 10.91962393373251 1623.3418523520231 0
      vertex 10.80608132481575 1623.4500772878528 0
    endloop
  endfacet
  facet normal 0 0 -1
    outer loop
      vertex 12.931664489209652 1625.5670244172215 0
      vertex 10.80608132481575 1623.4500772878528 0
      vertex 10.698692627251148 1623.5637213140726 0
    endloop
  endfacet
  facet normal 0 0 -1
    outer loop
      vertex 12.931664489209652 1625.5670244172215 0
      vertex 10.698692627251148 1623.5637213140726 0
      vertex 10.597619481384754 1623.6825045719743 0
    endloop
  endfacet
  facet normal 0 0 -1
    outer loop
      vertex 12.931664489209652 1625.5670244172215 0
      vertex 10.597619481384754 1623.6825045719743 0
      vertex 10.503023512661457 1623.8061472252011 0
    endloop
  endfacet
  facet normal 0 0 -1
    outer loop
      vertex 12.931664489209652 1625.5670244172215 0
      vertex 10.503023512661457 1623.8061472252011 0
      vertex 10.415066368877888 1623.9343694001436 0
    endloop
  endfacet
  facet normal 0 0 -1
    outer loop
      vertex 12.931664489209652 1625.5670244172215 0
      vertex 10.415066368877888 1623.9343694001436 0
      vertex 10.333909668028355 1624.0668912604451 0
    endloop
  endfacet
  facet normal 0 0 -1
    outer loop
      vertex 12.931664489209652 1625.5670244172215 0
      vertex 10.333909668028355 1624.0668912604451 0
      vertex 10.25971506536007 1624.2034329399467 0
    endloop
  endfacet
  facet normal 0 0 -1
    outer loop
      vertex 12.931664489209652 1625.5670244172215 0
      vertex 10.25971506536007 1624.2034329399467 0
      vertex 10.19264417141676 1624.343714594841 0
    endloop
  endfacet
  facet normal 0 0 -1
    outer loop
      vertex 12.931664489209652 1625.5670244172215 0
      vertex 10.19264417141676 1624.343714594841 0
      vertex 10.132858641445637 1624.4874563664198 0
    endloop
  endfacet
  facet normal 0 0 -1
    outer loop
      vertex 12.931664489209652 1625.5670244172215 0
      vertex 10.132858641445637 1624.4874563664198 0
      vertex 10.08052010089159 1624.6343784034252 0
    endloop
  endfacet
  facet normal 0 0 -1
    outer loop
      vertex 12.931664489209652 1625.5670244172215 0
      vertex 10.08052010089159 1624.6343784034252 0
      vertex 10.03579018265009 1624.7842008545995 0
    endloop
  endfacet
  facet normal 0 0 -1
    outer loop
      vertex 12.931664489209652 1625.5670244172215 0
      vertex 10.03579018265009 1624.7842008545995 0
      vertex 9.998830527067184 1624.9366438612342 0
    endloop
  endfacet
  facet normal 0 0 -1
    outer loop
      vertex 12.931664489209652 1625.5670244172215 0
      vertex 9.998830527067184 1624.9366438612342 0
      vertex 9.969802759587765 1625.0914275720716 0
    endloop
  endfacet
  facet normal 0 0 -1
    outer loop
      vertex 12.931664489209652 1625.5670244172215 0
      vertex 9.969802759587765 1625.0914275720716 0
      vertex 9.948868528008461 1625.2482721433043 0
    endloop
  endfacet
  facet normal 0 0 -1
    outer loop
      vertex 12.931664489209652 1625.5670244172215 0
      vertex 9.948868528008461 1625.2482721433043 0
      vertex 9.936189450323582 1625.406897701323 0
    endloop
  endfacet
  facet normal 0 0 -1
    outer loop
      vertex 12.931664489209652 1625.5670244172215 0
      vertex 9.936189450323582 1625.406897701323 0
      vertex 9.931927174329758 1625.5670244172215 0
    endloop
  endfacet
  facet normal 0 0 -1
    outer loop
      vertex 9.96000300347805 1664.4804320260882 0
      vertex 9.96000300347805 1662.8020124807954 0
      vertex 6.9322508573532104 1662.8020124807954 0
    endloop
  endfacet
  facet normal 0 0 -1
    outer loop
      vertex 6.932128861546516 1665.805953770876 0
      vertex 9.96000300347805 1664.4804320260882 0
      vertex 6.9322508573532104 1662.8020124807954 0
    endloop
  endfacet
  facet normal 0 0 -1
    outer loop
      vertex 12.932274483144283 1646.7237726300955 0
      vertex 12.931664489209652 1625.5670244172215 0
      vertex 9.931927174329758 1625.5670244172215 0
    endloop
  endfacet
  facet normal 0 0 -1
    outer loop
      vertex 12.932274483144283 1646.7237726300955 0
      vertex 9.931927174329758 1625.5670244172215 0
      vertex 9.932415172457695 1646.9275113642216 0
    endloop
  endfacet
  facet normal 0 0 -1
    outer loop
      vertex 12.932274483144283 1647.7245863974094 0
      vertex 12.932274483144283 1646.7237726300955 0
      vertex 9.932415172457695 1646.9275113642216 0
    endloop
  endfacet
  facet normal 0 0 -1
    outer loop
      vertex 12.92449926584959 1647.9194807261229 0
      vertex 12.932274483144283 1647.7245863974094 0
      vertex 9.932415172457695 1646.9275113642216 0
    endloop
  endfacet
  facet normal 0 0 -1
    outer loop
      vertex 12.90141074359417 1648.1153490915895 0
      vertex 12.92449926584959 1647.9194807261229 0
      vertex 9.932415172457695 1646.9275113642216 0
    endloop
  endfacet
  facet normal 0 0 -1
    outer loop
      vertex 12.863090135157108 1648.311063453555 0
      vertex 12.90141074359417 1648.1153490915895 0
      vertex 9.932415172457695 1646.9275113642216 0
    endloop
  endfacet
  facet normal 0 0 -1
    outer loop
      vertex 12.809618636965752 1648.5054957717657 0
      vertex 12.863090135157108 1648.311063453555 0
      vertex 9.932415172457695 1646.9275113642216 0
    endloop
  endfacet
  facet normal 0 0 -1
    outer loop
      vertex 12.741077460348606 1648.697517991066 0
      vertex 12.809618636965752 1648.5054957717657 0
      vertex 9.932415172457695 1646.9275113642216 0
    endloop
  endfacet
  facet normal 0 0 -1
    outer loop
      vertex 12.657547816634178 1648.8860020712018 0
      vertex 12.741077460348606 1648.697517991066 0
      vertex 9.932415172457695 1646.9275113642216 0
    endloop
  endfacet
  facet normal 0 0 -1
    outer loop
      vertex 12.559110909700394 1649.0698199644685 0
      vertex 12.657547816634178 1648.8860020712018 0
      vertex 9.932415172457695 1646.9275113642216 0
    endloop
  endfacet
  facet normal 0 0 -1
    outer loop
      vertex 12.44584795087576 1649.247843630612 0
      vertex 12.559110909700394 1649.0698199644685 0
      vertex 9.932415172457695 1646.9275113642216 0
    endloop
  endfacet
  facet normal 0 0 -1
    outer loop
      vertex 12.3178401440382 1649.4189450144768 0
      vertex 12.44584795087576 1649.247843630612 0
      vertex 9.932415172457695 1646.9275113642216 0
    endloop
  endfacet
  facet normal 0 0 -1
    outer loop
      vertex 12.175168700516224 1649.581996075809 0
      vertex 12.3178401440382 1649.4189450144768 0
      vertex 9.932415172457695 1646.9275113642216 0
    endloop
  endfacet
  facet normal 0 0 -1
    outer loop
      vertex 12.017914831638336 1649.7358687743545 0
      vertex 12.175168700516224 1649.581996075809 0
      vertex 9.932415172457695 1646.9275113642216 0
    endloop
  endfacet
  facet normal 0 0 -1
    outer loop
      vertex 11.846159741282463 1649.8794350549579 0
      vertex 12.017914831638336 1649.7358687743545 0
      vertex 9.932415172457695 1646.9275113642216 0
    endloop
  endfacet
  facet normal 0 0 -1
    outer loop
      vertex 11.65998463332653 1650.011566877365 0
      vertex 11.846159741282463 1649.8794350549579 0
      vertex 9.932415172457695 1646.9275113642216 0
    endloop
  endfacet
  facet normal 0 0 -1
    outer loop
      vertex 11.459470726549625 1650.1311361938715 0
      vertex 11.65998463332653 1650.011566877365 0
      vertex 9.932415172457695 1646.9275113642216 0
    endloop
  endfacet
  facet normal 0 0 -1
    outer loop
      vertex 11.244699217379093 1650.237014964223 0
      vertex 11.459470726549625 1650.1311361938715 0
      vertex 9.932415172457695 1646.9275113642216 0
    endloop
  endfacet
  facet normal 0 0 -1
    outer loop
      vertex 11.01575131714344 1650.3280751407146 0
      vertex 11.244699217379093 1650.237014964223 0
      vertex 9.932415172457695 1646.9275113642216 0
    endloop
  endfacet
  facet normal 0 0 -1
    outer loop
      vertex 10.772708244621754 1650.403188675642 0
      vertex 11.01575131714344 1650.3280751407146 0
      vertex 9.932415172457695 1646.9275113642216 0
    endloop
  endfacet
  facet normal 0 0 -1
    outer loop
      vertex 10.515651188790798 1650.4612275213003 0
      vertex 10.772708244621754 1650.403188675642 0
      vertex 9.932415172457695 1646.9275113642216 0
    endloop
  endfacet
  facet normal 0 0 -1
    outer loop
      vertex 10.244661375880241 1650.5010636374354 0
      vertex 10.515651188790798 1650.4612275213003 0
      vertex 9.932415172457695 1646.9275113642216 0
    endloop
  endfacet
  facet normal 0 0 -1
    outer loop
      vertex 9.959820002317429 1650.5215689763427 0
      vertex 10.244661375880241 1650.5010636374354 0
      vertex 9.932415172457695 1646.9275113642216 0
    endloop
  endfacet
  facet normal 0 0 -1
    outer loop
      vertex 9.93651945143938 1650.521508909762 0
      vertex 9.959820002317429 1650.5215689763427 0
      vertex 9.932415172457695 1646.9275113642216 0
    endloop
  endfacet
  facet normal 0 0 -1
    outer loop
      vertex 9.87263272702694 1650.5213332623243 0
      vertex 9.93651945143938 1650.521508909762 0
      vertex 9.932415172457695 1646.9275113642216 0
    endloop
  endfacet
  facet normal 0 0 -1
    outer loop
      vertex 9.77267774939537 1650.5210623517632 0
      vertex 9.87263272702694 1650.5213332623243 0
      vertex 9.932415172457695 1646.9275113642216 0
    endloop
  endfacet
  facet normal 0 0 -1
    outer loop
      vertex 9.641172431409359 1650.520716495812 0
      vertex 9.77267774939537 1650.5210623517632 0
      vertex 9.932415172457695 1646.9275113642216 0
    endloop
  endfacet
  facet normal 0 0 -1
    outer loop
      vertex 9.48263469338417 1650.5203160122037 0
      vertex 9.641172431409359 1650.520716495812 0
      vertex 9.932415172457695 1646.9275113642216 0
    endloop
  endfacet
  facet normal 0 0 -1
    outer loop
      vertex 9.30158244073391 1650.5198812112212 0
      vertex 9.48263469338417 1650.5203160122037 0
      vertex 9.932415172457695 1646.9275113642216 0
    endloop
  endfacet
  facet normal 0 0 -1
    outer loop
      vertex 9.102533601224422 1650.5194324180484 0
      vertex 9.30158244073391 1650.5198812112212 0
      vertex 9.932415172457695 1646.9275113642216 0
    endloop
  endfacet
  facet normal 0 0 -1
    outer loop
      vertex 8.890006087720394 1650.5189899504185 0
      vertex 9.102533601224422 1650.5194324180484 0
      vertex 9.932415172457695 1646.9275113642216 0
    endloop
  endfacet
  facet normal 0 0 -1
    outer loop
      vertex 8.890006087720394 1650.5189899504185 0
      vertex 9.932415172457695 1646.9275113642216 0
      vertex 6.932433858513832 1646.9275113642216 0
    endloop
  endfacet
  facet normal 0 0 -1
    outer loop
      vertex 8.66851781308651 1650.5185741186142 0
      vertex 8.890006087720394 1650.5189899504185 0
      vertex 6.932433858513832 1646.9275113642216 0
    endloop
  endfacet
  facet normal 0 0 -1
    outer loop
      vertex 8.442586705088615 1650.5182052478194 0
      vertex 8.66851781308651 1650.5185741186142 0
      vertex 6.932433858513832 1646.9275113642216 0
    endloop
  endfacet
  facet normal 0 0 -1
    outer loop
      vertex 8.216730661690235 1650.5179036483169 0
      vertex 8.442586705088615 1650.5182052478194 0
      vertex 6.932433858513832 1646.9275113642216 0
    endloop
  endfacet
  facet normal 0 0 -1
    outer loop
      vertex 7.995467610657215 1650.5176896378398 0
      vertex 8.216730661690235 1650.5179036483169 0
      vertex 6.932433858513832 1646.9275113642216 0
    endloop
  endfacet
  facet normal 0 0 -1
    outer loop
      vertex 7.783315472304821 1650.517583541572 0
      vertex 7.995467610657215 1650.5176896378398 0
      vertex 6.932433858513832 1646.9275113642216 0
    endloop
  endfacet
  facet normal 0 0 -1
    outer loop
      vertex 7.584792152047157 1650.5176056697965 0
      vertex 7.783315472304821 1650.517583541572 0
      vertex 6.932433858513832 1646.9275113642216 0
    endloop
  endfacet
  facet normal 0 0 -1
    outer loop
      vertex 7.40441557765007 1650.5177763402462 0
      vertex 7.584792152047157 1650.5176056697965 0
      vertex 6.932433858513832 1646.9275113642216 0
    endloop
  endfacet
  facet normal 0 0 -1
    outer loop
      vertex 7.246703654527664 1650.5181158781052 0
      vertex 7.40441557765007 1650.5177763402462 0
      vertex 6.932433858513832 1646.9275113642216 0
    endloop
  endfacet
  facet normal 0 0 -1
    outer loop
      vertex 7.116174302995205 1650.5186445862055 0
      vertex 7.246703654527664 1650.5181158781052 0
      vertex 6.932433858513832 1646.9275113642216 0
    endloop
  endfacet
  facet normal 0 0 -1
    outer loop
      vertex 7.017345443367958 1650.5193827971816 0
      vertex 7.116174302995205 1650.5186445862055 0
      vertex 6.932433858513832 1646.9275113642216 0
    endloop
  endfacet
  facet normal 0 0 -1
    outer loop
      vertex 6.954734988510609 1650.5203508213162 0
      vertex 7.017345443367958 1650.5193827971816 0
      vertex 6.932433858513832 1646.9275113642216 0
    endloop
  endfacet
  facet normal 0 0 -1
    outer loop
      vertex 6.954734988510609 1650.5203508213162 0
      vertex 6.932433858513832 1646.9275113642216 0
      vertex 6.686378367245197 1646.93675404042 0
    endloop
  endfacet
  facet normal 0 0 -1
    outer loop
      vertex 6.932860858738422 1650.5215689763427 0
      vertex 6.954734988510609 1650.5203508213162 0
      vertex 6.686378367245197 1646.93675404042 0
    endloop
  endfacet
  facet normal 0 0 -1
    outer loop
      vertex 6.932860858738422 1650.5215689763427 0
      vertex 6.686378367245197 1646.93675404042 0
      vertex 6.445799842476845 1646.9640565365553 0
    endloop
  endfacet
  facet normal 0 0 -1
    outer loop
      vertex 6.932860858738422 1650.5215689763427 0
      vertex 6.445799842476845 1646.9640565365553 0
      vertex 6.211470380425453 1647.0086995139718 0
    endloop
  endfacet
  facet normal 0 0 -1
    outer loop
      vertex 6.932860858738422 1650.5215689763427 0
      vertex 6.211470380425453 1647.0086995139718 0
      vertex 5.984162092208862 1647.069963671267 0
    endloop
  endfacet
  facet normal 0 0 -1
    outer loop
      vertex 6.932860858738422 1650.5215689763427 0
      vertex 5.984162092208862 1647.069963671267 0
      vertex 5.764647088944912 1647.147129677236 0
    endloop
  endfacet
  facet normal 0 0 -1
    outer loop
      vertex 6.932860858738422 1650.5215689763427 0
      vertex 5.764647088944912 1647.147129677236 0
      vertex 5.553697466850281 1647.2394782155752 0
    endloop
  endfacet
  facet normal 0 0 -1
    outer loop
      vertex 6.932860858738422 1650.5215689763427 0
      vertex 5.553697466850281 1647.2394782155752 0
      vertex 5.352085329592228 1647.3462899625301 0
    endloop
  endfacet
  facet normal 0 0 -1
    outer loop
      vertex 6.932860858738422 1650.5215689763427 0
      vertex 5.352085329592228 1647.3462899625301 0
      vertex 5.160582795739174 1647.466845601797 0
    endloop
  endfacet
  facet normal 0 0 -1
    outer loop
      vertex 6.932860858738422 1650.5215689763427 0
      vertex 5.160582795739174 1647.466845601797 0
      vertex 4.979961968958378 1647.6004258096218 0
    endloop
  endfacet
  facet normal 0 0 -1
    outer loop
      vertex 6.932860858738422 1650.5215689763427 0
      vertex 4.979961968958378 1647.6004258096218 0
      vertex 4.810994945466518 1647.74631126225 0
    endloop
  endfacet
  facet normal 0 0 -1
    outer loop
      vertex 6.932860858738422 1650.5215689763427 0
      vertex 4.810994945466518 1647.74631126225 0
      vertex 4.654453843832016 1647.9037826433778 0
    endloop
  endfacet
  facet normal 0 0 -1
    outer loop
      vertex 6.932860858738422 1650.5215689763427 0
      vertex 4.654453843832016 1647.9037826433778 0
      vertex 4.511110760271549 1648.072120629251 0
    endloop
  endfacet
  facet normal 0 0 -1
    outer loop
      vertex 6.932860858738422 1650.5215689763427 0
      vertex 4.511110760271549 1648.072120629251 0
      vertex 4.381737798452377 1648.2506059035659 0
    endloop
  endfacet
  facet normal 0 0 -1
    outer loop
      vertex 6.932860858738422 1650.5215689763427 0
      vertex 4.381737798452377 1648.2506059035659 0
      vertex 4.267107076942921 1648.4385191500187 0
    endloop
  endfacet
  facet normal 0 0 -1
    outer loop
      vertex 6.932860858738422 1650.5215689763427 0
      vertex 4.267107076942921 1648.4385191500187 0
      vertex 4.167990684509277 1648.6351410374045 0
    endloop
  endfacet
  facet normal 0 0 -1
    outer loop
      vertex 6.932860858738422 1650.5215689763427 0
      vertex 4.167990684509277 1648.6351410374045 0
      vertex 4.085160747170448 1648.8397522494197 0
    endloop
  endfacet
  facet normal 0 0 -1
    outer loop
      vertex 6.932860858738422 1650.5215689763427 0
      vertex 4.085160747170448 1648.8397522494197 0
      vertex 4.019389353692532 1649.0516334697604 0
    endloop
  endfacet
  facet normal 0 0 -1
    outer loop
      vertex 6.932860858738422 1650.5215689763427 0
      vertex 4.019389353692532 1649.0516334697604 0
      vertex 3.9714486226439476 1649.2700653672218 0
    endloop
  endfacet
  facet normal 0 0 -1
    outer loop
      vertex 6.932860858738422 1650.5215689763427 0
      vertex 3.9714486226439476 1649.2700653672218 0
      vertex 3.942110650241375 1649.4943286329508 0
    endloop
  endfacet
  facet normal 0 0 -1
    outer loop
      vertex 6.932860858738422 1650.5215689763427 0
      vertex 3.942110650241375 1649.4943286329508 0
      vertex 3.9321475476026535 1649.723703943193 0
    endloop
  endfacet
  facet normal 0 0 -1
    outer loop
      vertex 6.932372860610485 1655.5205578356981 0
      vertex 6.932860858738422 1650.5215689763427 0
      vertex 3.9321475476026535 1649.723703943193 0
    endloop
  endfacet
  facet normal 0 0 -1
    outer loop
      vertex 5.308811604976654 1669.763248987496 0
      vertex 5.431833207607269 1669.7679090872407 0
      vertex 5.432199202477932 1669.767409093678 0
    endloop
  endfacet
  facet normal 0 0 -1
    outer loop
      vertex 6.9322508573532104 1662.8020124807954 0
      vertex 6.932372860610485 1655.5205578356981 0
      vertex 3.9321475476026535 1649.723703943193 0
    endloop
  endfacet
  facet normal 0 0 -1
    outer loop
      vertex 6.9322508573532104 1662.8020124807954 0
      vertex 3.9321475476026535 1649.723703943193 0
      vertex 3.9321475476026535 1668.3695378005505 0
    endloop
  endfacet
  facet normal 0 0 -1
    outer loop
      vertex 6.932128861546516 1665.805953770876 0
      vertex 6.9322508573532104 1662.8020124807954 0
      vertex 3.9321475476026535 1668.3695378005505 0
    endloop
  endfacet
  facet normal 0 0 -1
    outer loop
      vertex 6.932311862707138 1668.3665178194642 0
      vertex 6.932128861546516 1665.805953770876 0
      vertex 3.9321475476026535 1668.3695378005505 0
    endloop
  endfacet
  facet normal 0 0 -1
    outer loop
      vertex 6.932311862707138 1668.3685178086162 0
      vertex 6.932311862707138 1668.3665178194642 0
      vertex 3.9321475476026535 1668.3695378005505 0
    endloop
  endfacet
  facet normal 0 0 -1
    outer loop
      vertex 6.927339442074299 1668.4832315295935 0
      vertex 6.932311862707138 1668.3685178086162 0
      vertex 3.9321475476026535 1668.3695378005505 0
    endloop
  endfacet
  facet normal 0 0 -1
    outer loop
      vertex 6.912679471075535 1668.5953958034515 0
      vertex 6.927339442074299 1668.4832315295935 0
      vertex 3.9321475476026535 1668.3695378005505 0
    endloop
  endfacet
  facet normal 0 0 -1
    outer loop
      vertex 6.888717889785767 1668.7046501114964 0
      vertex 6.912679471075535 1668.5953958034515 0
      vertex 3.9321475476026535 1668.3695378005505 0
    endloop
  endfacet
  facet normal 0 0 -1
    outer loop
      vertex 6.855840638279915 1668.8106339350343 0
      vertex 6.888717889785767 1668.7046501114964 0
      vertex 3.9321475476026535 1668.3695378005505 0
    endloop
  endfacet
  facet normal 0 0 -1
    outer loop
      vertex 6.8144336566329 1668.912986755371 0
      vertex 6.855840638279915 1668.8106339350343 0
      vertex 3.9321475476026535 1668.3695378005505 0
    endloop
  endfacet
  facet normal 0 0 -1
    outer loop
      vertex 6.764882877469063 1669.0113480687141 0
      vertex 6.8144336566329 1668.912986755371 0
      vertex 3.9321475476026535 1668.3695378005505 0
    endloop
  endfacet
  facet normal 0 0 -1
    outer loop
      vertex 6.707574248313904 1669.1053573563695 0
      vertex 6.764882877469063 1669.0113480687141 0
      vertex 3.9321475476026535 1668.3695378005505 0
    endloop
  endfacet
  facet normal 0 0 -1
    outer loop
      vertex 6.642893694341183 1669.1946540996432 0
      vertex 6.707574248313904 1669.1053573563695 0
      vertex 3.9321475476026535 1668.3695378005505 0
    endloop
  endfacet
  facet normal 0 0 -1
    outer loop
      vertex 6.571227163076401 1669.278877787292 0
      vertex 6.642893694341183 1669.1946540996432 0
      vertex 3.9321475476026535 1668.3695378005505 0
    endloop
  endfacet
  facet normal 0 0 -1
    outer loop
      vertex 6.492960594594479 1669.3576678931713 0
      vertex 6.571227163076401 1669.278877787292 0
      vertex 3.9321475476026535 1668.3695378005505 0
    endloop
  endfacet
  facet normal 0 0 -1
    outer loop
      vertex 6.408479928970337 1669.4306639134884 0
      vertex 6.492960594594479 1669.3576678931713 0
      vertex 3.9321475476026535 1668.3695378005505 0
    endloop
  endfacet
  facet normal 0 0 -1
    outer loop
      vertex 6.318171091377735 1669.4975053295493 0
      vertex 6.408479928970337 1669.4306639134884 0
      vertex 3.9321475476026535 1668.3695378005505 0
    endloop
  endfacet
  facet normal 0 0 -1
    outer loop
      vertex 6.222420036792755 1669.5578316301107 0
      vertex 6.318171091377735 1669.4975053295493 0
      vertex 3.9321475476026535 1668.3695378005505 0
    endloop
  endfacet
  facet normal 0 0 -1
    outer loop
      vertex 6.121612690389156 1669.6112822964787 0
      vertex 6.222420036792755 1669.5578316301107 0
      vertex 3.9321475476026535 1668.3695378005505 0
    endloop
  endfacet
  facet normal 0 0 -1
    outer loop
      vertex 6.016135007143021 1669.6574968099594 0
      vertex 6.121612690389156 1669.6112822964787 0
      vertex 3.9321475476026535 1668.3695378005505 0
    endloop
  endfacet
  facet normal 0 0 -1
    outer loop
      vertex 5.906372904777527 1669.6961146593094 0
      vertex 6.016135007143021 1669.6574968099594 0
      vertex 3.9321475476026535 1668.3695378005505 0
    endloop
  endfacet
  facet normal 0 0 -1
    outer loop
      vertex 5.792712338268757 1669.7267753258348 0
      vertex 5.906372904777527 1669.6961146593094 0
      vertex 3.9321475476026535 1668.3695378005505 0
    endloop
  endfacet
  facet normal 0 0 -1
    outer loop
      vertex 5.675539240241051 1669.7491182982922 0
      vertex 5.792712338268757 1669.7267753258348 0
      vertex 3.9321475476026535 1668.3695378005505 0
    endloop
  endfacet
  facet normal 0 0 -1
    outer loop
      vertex 5.555239550769329 1669.7627830579877 0
      vertex 5.675539240241051 1669.7491182982922 0
      vertex 3.9321475476026535 1668.3695378005505 0
    endloop
  endfacet
  facet normal 0 0 -1
    outer loop
      vertex 5.432199202477932 1669.767409093678 0
      vertex 5.555239550769329 1669.7627830579877 0
      vertex 3.9321475476026535 1668.3695378005505 0
    endloop
  endfacet
  facet normal 0 0 -1
    outer loop
      vertex 5.308811604976654 1669.763248987496 0
      vertex 5.432199202477932 1669.767409093678 0
      vertex 3.9321475476026535 1668.3695378005505 0
    endloop
  endfacet
  facet normal 0 0 -1
    outer loop
      vertex 5.18853148072958 1669.749562382698 0
      vertex 5.308811604976654 1669.763248987496 0
      vertex 3.9321475476026535 1668.3695378005505 0
    endloop
  endfacet
  facet normal 0 0 -1
    outer loop
      vertex 5.07137867808342 1669.7272088006139 0
      vertex 5.18853148072958 1669.749562382698 0
      vertex 3.9321475476026535 1668.3695378005505 0
    endloop
  endfacet
  facet normal 0 0 -1
    outer loop
      vertex 4.957739047706127 1669.6965477764606 0
      vertex 5.07137867808342 1669.7272088006139 0
      vertex 3.9321475476026535 1668.3695378005505 0
    endloop
  endfacet
  facet normal 0 0 -1
    outer loop
      vertex 4.847998432815075 1669.657938838005 0
      vertex 4.957739047706127 1669.6965477764606 0
      vertex 3.9321475476026535 1668.3695378005505 0
    endloop
  endfacet
  facet normal 0 0 -1
    outer loop
      vertex 4.742542691528797 1669.6117415204644 0
      vertex 4.847998432815075 1669.657938838005 0
      vertex 3.9321475476026535 1668.3695378005505 0
    endloop
  endfacet
  facet normal 0 0 -1
    outer loop
      vertex 4.641757659614086 1669.558315359056 0
      vertex 4.742542691528797 1669.6117415204644 0
      vertex 3.9321475476026535 1668.3695378005505 0
    endloop
  endfacet
  facet normal 0 0 -1
    outer loop
      vertex 4.546029187738895 1669.498019888997 0
      vertex 4.641757659614086 1669.558315359056 0
      vertex 3.9321475476026535 1668.3695378005505 0
    endloop
  endfacet
  facet normal 0 0 -1
    outer loop
      vertex 4.455743119120598 1669.4312146380544 0
      vertex 4.546029187738895 1669.498019888997 0
      vertex 3.9321475476026535 1668.3695378005505 0
    endloop
  endfacet
  facet normal 0 0 -1
    outer loop
      vertex 4.3712853118777275 1669.3582591414452 0
      vertex 4.455743119120598 1669.4312146380544 0
      vertex 3.9321475476026535 1668.3695378005505 0
    endloop
  endfacet
  facet normal 0 0 -1
    outer loop
      vertex 4.293041601777077 1669.2795129269361 0
      vertex 4.3712853118777275 1669.3582591414452 0
      vertex 3.9321475476026535 1668.3695378005505 0
    endloop
  endfacet
  facet normal 0 0 -1
    outer loop
      vertex 4.221397839486599 1669.1953355371952 0
      vertex 4.293041601777077 1669.2795129269361 0
      vertex 3.9321475476026535 1668.3695378005505 0
    endloop
  endfacet
  facet normal 0 0 -1
    outer loop
      vertex 4.221397839486599 1669.1953355371952 0
      vertex 3.9321475476026535 1668.3695378005505 0
      vertex 3.937101222574711 1668.4842214658856 0
    endloop
  endfacet
  facet normal 0 0 -1
    outer loop
      vertex 4.156739875674248 1669.1060864925385 0
      vertex 4.221397839486599 1669.1953355371952 0
      vertex 3.937101222574711 1668.4842214658856 0
    endloop
  endfacet
  facet normal 0 0 -1
    outer loop
      vertex 4.156739875674248 1669.1060864925385 0
      vertex 3.937101222574711 1668.4842214658856 0
      vertex 3.9517416283488274 1668.5963502079248 0
    endloop
  endfacet
  facet normal 0 0 -1
    outer loop
      vertex 4.099453553557396 1669.0121253356338 0
      vertex 4.156739875674248 1669.1060864925385 0
      vertex 3.9517416283488274 1668.5963502079248 0
    endloop
  endfacet
  facet normal 0 0 -1
    outer loop
      vertex 4.099453553557396 1669.0121253356338 0
      vertex 3.9517416283488274 1668.5963502079248 0
      vertex 3.9756829142570496 1668.7055644989014 0
    endloop
  endfacet
  facet normal 0 0 -1
    outer loop
      vertex 3.9756829142570496 1668.7055644989014 0
      vertex 4.008539222180843 1668.811504803598 0
      vertex 4.049924716353416 1668.9138115942478 0
    endloop
  endfacet
  facet normal 0 0 -1
    outer loop
      vertex 4.099453553557396 1669.0121253356338 0
      vertex 3.9756829142570496 1668.7055644989014 0
      vertex 4.049924716353416 1668.9138115942478 0
    endloop
  endfacet
endsolid OpenSCAD_Model
